player_code,first_seen_season,last_seen_season,canonical_name,name_variants,seasons_seen
100000084,2024-25,2024-25,David Moyes,David Moyes,1
100037568,2024-25,2024-25,Unai Emery,Unai Emery,1
100037973,2024-25,2024-25,Pep Guardiola,Pep Guardiola,1
100038215,2024-25,2024-25,Eddie Howe,Eddie Howe,1
100040854,2024-25,2024-25,Vítor Manuel de Oliveira Lopes Pereira,Vítor Manuel de Oliveira Lopes Pereira,1
100041800,2024-25,2024-25,Marco Alexandre Saraiva da Silva,Marco Alexandre Saraiva da Silva,1
100041808,2024-25,2024-25,Nuno Herlander Simões Espírito Santo,Nuno Herlander Simões Espírito Santo,1
100041880,2024-25,2024-25,Ange Postecoglou,Ange Postecoglou,1
100042830,2024-25,2024-25,Thomas Frank,Thomas Frank,1
100044409,2024-25,2024-25,Oliver Glasner,Oliver Glasner,1
100046435,2024-25,2024-25,Graham Potter,Graham Potter,1
100047417,2024-25,2024-25,Kieran McKenna,Kieran McKenna,1
100047426,2024-25,2024-25,Simon Rusk,Simon Rusk,1
100048548,2024-25,2024-25,Enzo Maresca,Enzo Maresca,1
100050427,2024-25,2024-25,Andoni Iraola,Andoni Iraola,1
100050995,2024-25,2024-25,Ruud van Nistelrooij,Ruud van Nistelrooij,1
100051017,2024-25,2024-25,Mikel Arteta,Mikel Arteta,1
100052173,2024-25,2024-25,Arne Slot,Arne Slot,1
100053636,2024-25,2024-25,Ruben Filipe Marques Diogo Amorim,Ruben Filipe Marques Diogo Amorim,1
100053901,2024-25,2024-25,Fabian Hürzeler,Fabian Hürzeler,1
100059,2016-17,2018-19,Alberto Moreno,Alberto Moreno,3
100180,2017-18,2019-20,Danilo Luiz da Silva,Danilo Luiz da Silva,3
100412,2017-18,2017-18,André Carrillo,André Carrillo,1
100649,2018-19,2021-22,Bernard Anício Caldeira Duarte,Bernard Anício Caldeira Duarte,4
101061,2019-20,2019-20,Philip Heise,Philip Heise,1
101105,2018-19,2022-23,Joe Bryan,Joe Bryan,3
101148,2017-18,2025-26,Jamaal Lascelles,Jamaal Lascelles,9
101178,2016-17,2025-26,James Ward-Prowse,James Ward-Prowse,10
101179,2016-17,2016-17,Lloyd Isgrove,Lloyd Isgrove,1
101184,2016-17,2023-24,Calum Chambers,Calum Chambers,8
101188,2018-19,2025-26,Lucas Digne,Lucas Digne,8
101338,2022-23,2022-23,Marcel Sabitzer,Marcel Sabitzer,1
101394,2020-21,2020-21,Okay Yokuslu,Okay Yokuslu,1
101537,2018-19,2020-21,Felipe Anderson Pereira Gomes,Felipe Anderson Pereira Gomes,3
101582,2018-19,2023-24,Frederico Rodrigues de Paula Santos,Frederico Rodrigues de Paula Santos,6
101668,2016-17,2024-25,Jamie Vardy,Jamie Vardy,8
101982,2020-21,2025-26,Sam Johnstone,Sam Johnstone,5
102057,2018-19,2025-26,Raúl Jiménez Rodríguez,Raúl Jiménez; Raúl Jiménez Rodríguez,8
102366,2017-18,2017-18,Moritz Bauer,Moritz Bauer,1
102380,2017-18,2021-22,Antonio Rüdiger,Antonio Rüdiger,5
102549,2023-24,2023-24,Adam Davies,Adam Davies,1
102738,2016-17,2017-18,Giannelli Imbula,Giannelli Imbula,2
102747,2019-20,2019-20,Djibril Sidibé,Djibril Sidibé,1
102826,2017-18,2021-22,Benjamin Mendy,Benjamin Mendy,5
102836,2022-23,2022-23,Brice Samba,Brice Samba,1
102884,2016-17,2022-23,Paulo Gazzaniga Farias,Paulo Gazzaniga; Paulo Gazzaniga Farias,6
103025,2016-17,2023-24,Riyad Mahrez,Riyad Mahrez,8
103100,2016-17,2016-17,Jonathan Williams,Jonathan Williams,1
103123,2019-20,2020-21,Sébastien Haller,Sébastien Haller,2
103127,2016-17,2017-18,Molla Wagué,Molla Wagué,2
10318,2016-17,2019-20,Maarten Stekelenburg,Maarten Stekelenburg,4
103192,2016-17,2024-25,Kurt Zouma,Kurt Zouma,9
103912,2016-17,2019-20,Jordon Ibe,Jordon Ibe,4
103914,2017-18,2024-25,Charlie Taylor,Charlie Taylor,7
103955,2016-17,2024-25,Raheem Sterling,Raheem Sterling,9
104047,2023-24,2023-24,Pelly Ruddock Mpanzu,Pelly Ruddock Mpanzu,1
104073,2018-19,2018-19,Joe Ralls,Joe Ralls,1
104535,2017-18,2017-18,Harry Bunn,Harry Bunn,1
104542,2016-17,2023-24,Loris Karius,Loris Karius,5
104545,2017-18,2018-19,Tommy Smith,Tommy Smith,2
104547,2017-18,2022-23,Dwight Gayle,Dwight Gayle,6
10460,2016-17,2016-17,Grant Leadbitter,Grant Leadbitter,1
104953,2017-18,2020-21,Christian Atsu,Christian Atsu,4
105377,2020-21,2020-21,Ezgjan Alioski,Ezgjan Alioski,1
105666,2016-17,2022-23,Jack Butland,Jack Butland,5
105700,2017-18,2019-20,Davide Zappacosta,Davide Zappacosta,3
105717,2016-17,2025-26,Arthur Masuaku,Arthur Masuaku,8
10589,2018-19,2018-19,Brian Murphy,Brian Murphy,1
106449,2016-17,2016-17,Kevin Stewart,Kevin Stewart,1
106450,2016-17,2018-19,Alex Pritchard,Alex Pritchard,3
106468,2022-23,2025-26,Álex Moreno Lopera,Alexandre Moreno Lopera; Álex Moreno Lopera,4
106603,2016-17,2016-17,Ezekiel Fryers,Ezekiel Fryers,1
106606,2024-25,2024-25,Massimo Luongo,Massimo Luongo,1
106611,2016-17,2025-26,Michael Keane,Michael Keane,10
106617,2016-17,2025-26,Patrick Bamford,Patrick Bamford,5
106618,2017-18,2023-24,Paul Dummett,Paul Dummett,7
106757,2017-18,2021-22,Jürgen Locadia,Jürgen Locadia,4
106760,2016-17,2025-26,Luke Shaw,Luke Shaw,10
106824,2016-17,2016-17,Memphis Depay,Memphis Depay,1
106837,2019-20,2022-23,Dennis Praet,Dennis Praet,4
106899,2017-18,2017-18,Roque Mesa,Roque Mesa,1
107265,2016-17,2025-26,Angus Gunn,Angus Gunn,6
107613,2018-19,2021-22,Romain Saïss,Romain Saïss,4
108053,2020-21,2024-25,Conor Townsend,Conor Townsend,2
108093,2018-19,2018-19,Luciano Vietto,Luciano Vietto,1
108156,2019-20,2021-22,Björn Engels,Bjorn Engels; Björn Engels,3
108411,2023-24,2023-24,Dan Potts,Dan Potts,1
108413,2017-18,2025-26,Will Hughes,Will Hughes,8
108416,2019-20,2023-24,John Egan,John Egan,3
108438,2017-18,2018-19,Sandro Ramírez,Sandro Ramírez,2
108796,2023-24,2023-24,Tom Lockyer,Tom Lockyer,1
108813,2020-21,2024-25,Christian Walton,Christian Walton,2
108823,2016-17,2023-24,Dele Alli,Bamidele Alli; Dele Alli,8
108824,2016-17,2016-17,Brendan Galloway,Brendan Galloway,1
109065,2017-18,2018-19,Davy Klaassen,Davy Klaassen,2
109322,2016-17,2022-23,Jesse Lingard,Jesse Lingard,7
109345,2017-18,2025-26,Solly March,Solomon March; Solly March,9
109434,2017-18,2023-24,Terence Kongolo,Terence Kongolo,5
109528,2016-17,2023-24,Javier Manquillo Gaitán,Javier Manquillo; Javier Manquillo Gaitán,8
109533,2017-18,2025-26,Emerson Palmieri dos Santos,Emerson Palmieri dos Santos,9
109638,2020-21,2020-21,Kean Bryan,Kean Bryan,1
109646,2016-17,2025-26,Tosin Adarabioyo,Oluwatosin Adarabioyo; Tosin Adarabioyo,7
109745,2018-19,2025-26,Kepa Arrizabalaga Revuelta,Kepa Arrizabalaga; Kepa Arrizabalaga Revuelta,8
109788,2017-18,2017-18,João Mário Naval Costa Eduardo,João Mário Naval Costa Eduardo,1
109999,2018-19,2018-19,Ibrahima Cissé,Ibrahima Cissé,1
11037,2016-17,2016-17,Rickie Lambert,Rickie Lambert,1
110504,2016-17,2025-26,Bertrand Traoré,Bertrand Traore; Bertrand Traoré,6
110735,2019-20,2025-26,Adam Webster,Adam Webster,7
110979,2016-17,2021-22,Sadio Mané,Sadio Mané,6
111234,2016-17,2025-26,Jordan Pickford,Jordan Pickford,10
111291,2020-21,2021-22,Fernando Marçal,Fernando Marçal,2
111317,2018-19,2025-26,David Brooks,David Brooks,6
111452,2023-24,2025-26,Odysseas Vlachodimos,Odysseas Vlachodimos,3
111457,2017-18,2021-22,Sead Kolasinac,Sead Kolasinac,5
111478,2020-21,2025-26,Joël Veltman,Joël Veltman,6
111773,2019-20,2025-26,Emil Krafth,Emil Krafth,7
111782,2020-21,2024-25,Robin Olsen,Robin Olsen,5
111787,2016-17,2017-18,Modou Barrow,Modou Barrow,2
111847,2016-17,2016-17,Adama Diomande,Adama Diomande,1
111931,2018-19,2024-25,Ricardo Barbosa Pereira,Ricardo Domingos Barbosa Pereira; Ricardo Barbosa Pereira,6
112139,2016-17,2016-17,James Wilson,James Wilson,1
112316,2016-17,2017-18,Jakob Haugaard,Jakob Haugaard,2
112338,2016-17,2017-18,Emre Can,Emre Can,2
112507,2016-17,2016-17,Jack Rose,Jack Rose,1
112516,2017-18,2017-18,Isaiah Brown,Isaiah Brown,1
112520,2016-17,2024-25,Alex Palmer,Alex Palmer,3
11334,2016-17,2018-19,Petr Cech,Petr Cech,3
11352,2017-18,2018-19,Bruno Saltor Grau,Bruno Saltor Grau,2
113534,2016-17,2023-24,Matt Macey,Matt Macey,5
113564,2016-17,2025-26,Sam Byram,Sam Byram,6
113688,2016-17,2019-20,Oumar Niasse,Oumar Niasse,4
114000,2016-17,2016-17,George Honeyman,George Honeyman,1
114054,2018-19,2018-19,Omar Bogle,Omar Bogle,1
114093,2016-17,2017-18,Matthew Pennington,Matthew Pennington,2
114128,2018-19,2023-24,Jonathan Castro Otto,Jonathan Castro Otto,6
114241,2022-23,2024-25,Harry Toffolo,Harry Toffolo,3
114243,2017-18,2025-26,Jacob Murphy,Jacob Murphy,9
114245,2018-19,2018-19,Josh Murphy,Josh Murphy,1
114283,2019-20,2025-26,Jack Grealish,Jack Grealish,7
114536,2020-21,2020-21,Ryan Inniss,Ryan Inniss,1
11467,2016-17,2016-17,Billy Jones,Billy Jones,1
115357,2016-17,2016-17,Mouez Hassen,Mouez Hassen,1
115382,2019-20,2024-25,Neal Maupay,Neal Maupay,6
11554,2016-17,2018-19,Julian Speroni,Julian Speroni,3
115556,2016-17,2025-26,Ben Davies,Ben Davies,10
115854,2016-17,2016-17,Duncan Watmore,Duncan Watmore,1
115858,2018-19,2019-20,Rachid Ghezzal,Rachid Ghezzal,2
115918,2020-21,2023-24,Rúnar Alex Rúnarsson,Rúnar Alex Rúnarsson,3
116216,2019-20,2025-26,Leandro Trossard,Leandro Trossard,7
116404,2022-23,2023-24,Felipe Augusto de Almeida Monteiro,Felipe Augusto de Almeida Monteiro,2
116535,2018-19,2025-26,Alisson Becker,Alisson Ramses Becker; Alisson Becker,8
116543,2019-20,2019-20,Valentino Lazaro,Valentino Lazaro,1
116594,2016-17,2022-23,N'Golo Kanté,N'Golo Kanté,7
116643,2018-19,2023-24,Fabio Henrique Tavares,Fabio Henrique Tavares,6
11735,2017-18,2017-18,Steve Sidwell,Steve Sidwell,1
11829,2016-17,2017-18,Wayne Routledge,Wayne Routledge,2
118335,2016-17,2023-24,Abdul Rahman Baba,Abdul Rahman Baba,2
118342,2023-24,2024-25,Mark Flekken,Mark Flekken,2
11854,2017-18,2017-18,Daryl Murphy,Daryl Murphy,1
118748,2017-18,2025-26,Mohamed Salah,Mohamed Salah,9
118884,2018-19,2018-19,Erik Durm,Erik Durm,1
119471,2018-19,2025-26,Fabian Schär,Fabian Schär,8
11948,2019-20,2023-24,Andy Lonergan,Andy Lonergan,5
11974,2016-17,2022-23,Eldin Jakupovic,Eldin Jakupovic,6
119765,2020-21,2022-23,Allan Marques Loureiro,Allan Marques Loureiro,3
12002,2016-17,2016-17,Stewart Downing,Stewart Downing,1
120202,2021-22,2023-24,Wout Weghorst,Wout Weghorst,3
120250,2018-19,2023-24,André Tavares Gomes,André Filipe Tavares Gomes; André Tavares Gomes,6
120447,2016-17,2017-18,Bradley Smith,Bradley Smith,2
120721,2022-23,2024-25,Kevin Mbabu,Kevin Mbabu,3
12086,2016-17,2017-18,Boaz Myhill,Boaz Myhill,2
121145,2019-20,2024-25,João Cavaco Cancelo,João Pedro Cavaco Cancelo; João Cancelo; João Cavaco Cancelo,6
121160,2017-18,2025-26,Ederson Santana de Moraes,Ederson Santana de Moraes,9
121221,2016-17,2017-18,Ramiro Funes Mori,Ramiro Funes Mori,2
12150,2016-17,2017-18,Glenn Whelan,Glenn Whelan,2
121570,2021-22,2021-22,Julian Jeanvier,Julian Jeanvier,1
121599,2016-17,2024-25,Abdoulaye Doucouré,Abdoulaye Doucouré,9
121709,2025-26,2025-26,Walter Benítez,Walter Benítez,1
122074,2018-19,2025-26,Marcus Bettinelli,Marcus Bettinelli,7
122342,2016-17,2018-19,Emerson Hyndman,Emerson Hyndman,3
122411,2024-25,2024-25,Cameron Burgess,Cameron Burgess,1
122775,2020-21,2023-24,Morgan Sanson,Morgan Sanson,4
122797,2018-19,2018-19,Callum Paterson,Callum Paterson,1
122798,2016-17,2025-26,Andrew Robertson,Andrew Robertson,10
122806,2019-20,2025-26,John McGinn,John McGinn,7
123125,2016-17,2016-17,Viktor Fischer,Viktor Fischer,1
123354,2018-19,2024-25,Kortney Hause,Kortney Hause,7
12390,2016-17,2016-17,Allan McGregor,Allan McGregor,1
12413,2016-17,2017-18,Robert Huth,Robert Huth,2
124165,2019-20,2025-26,Patrick Roberts,Patrick Roberts,2
124183,2020-21,2023-24,Hakim Ziyech,Hakim Ziyech,4
1243,2017-18,2017-18,Robert Green,Robert Green,1
12496,2016-17,2016-17,Víctor Valdés,Víctor Valdés,1
126184,2016-17,2025-26,Nathan Aké,Nathan Aké,10
126187,2016-17,2022-23,Ruben Loftus-Cheek,Ruben Loftus-Cheek,7
126407,2016-17,2019-20,Nabil Bentaleb,Nabil Bentaleb,2
126468,2016-17,2016-17,Tokelo Rantie,Tokelo Rantie,1
12679,2016-17,2016-17,Michael Dawson,Michael Dawson,1
12744,2016-17,2016-17,David Nugent,David Nugent,1
12745,2016-17,2019-20,Leighton Baines,Leighton Baines,4
12813,2016-17,2018-19,Jonathan Walters,Jonathan Walters,3
128198,2016-17,2020-21,Sofiane Boufal,Sofiane Boufal,5
128295,2021-22,2025-26,Christian Nørgaard,Christian Nørgaard,5
128309,2022-23,2023-24,Jamal Lowe,Jamal Lowe,2
128340,2022-23,2023-24,Kieffer Moore,Kieffer Moore,2
128348,2019-20,2019-20,Ibrahim Amadou,Ibrahim Amadou,1
128389,2017-18,2023-24,Aleksandar Mitrović,Aleksandar Mitrovic; Aleksandar Mitrović,5
130025,2016-17,2016-17,Luis Hernández,Luis Hernández,1
130036,2021-22,2021-22,Ozan Tufan,Ozan Tufan,1
130103,2016-17,2016-17,Hiram Boateng,Hiram Boateng,1
13017,2016-17,2017-18,Wayne Rooney,Wayne Rooney,2
131304,2021-22,2021-22,William Troost-Ekong,William Troost-Ekong,1
131403,2018-19,2018-19,Rhys Healey,Rhys Healey,1
13152,2016-17,2019-20,Andy King,Andy King,3
131897,2017-18,2021-22,Mathew Ryan,Mathew Ryan,5
132015,2016-17,2024-25,Pierre-Emile Højbjerg,Pierre-Emile Højbjerg,9
133085,2023-24,2023-24,Lawrence Vigouroux,Lawrence Vigouroux,1
133798,2016-17,2016-17,Serge Gnabry,Serge Gnabry,1
133801,2016-17,2018-19,Jerome Sinclair,Jerome Sinclair,3
133845,2022-23,2023-24,Emiliano Marcondes,Emiliano Marcondes,2
134383,2016-17,2016-17,Connor Randall,Connor Randall,1
135363,2017-18,2021-22,Andreas Christensen,Andreas Christensen,5
135365,2017-18,2017-18,Jeremie Boga,Jeremie Boga,1
135720,2019-20,2025-26,Kevin Danso,Kevin Danso,3
138001,2023-24,2025-26,Tom King,Tom King,3
138009,2016-17,2018-19,Sullay Kaikai,Sullay Kaikai,3
139110,2019-20,2019-20,Ondrej Duda,Ondrej Duda,1
140200,2022-23,2023-24,Thomas Strakosha,Thomas Strakosha,2
14075,2017-18,2017-18,Patrice Evra,Patrice Evra,1
140941,2021-22,2021-22,Stipe Perica,Stipe Perica,1
141020,2018-19,2020-21,Max Meyer,Max Meyer,3
141569,2018-19,2020-21,Léo Bonatini,Bonatini Lohner Maia Bonatini; Léo Bonatini,2
141746,2019-20,2025-26,Bruno Borges Fernandes,Bruno Miguel Borges Fernandes; Bruno Borges Fernandes,7
141921,2016-17,2017-18,Oluwaseyi Ojo,Oluwaseyi Ojo,2
14295,2016-17,2017-18,Darren Fletcher,Darren Fletcher,2
143877,2017-18,2018-19,Alexander Sørloth,Alexander Sørloth,2
144485,2021-22,2024-25,Ivan Toney,Ivan Toney,4
144660,2016-17,2017-18,Didier Ndong,Didier Ndong,2
145212,2016-17,2016-17,Clinton N'Jie,Clinton N'Jie,1
145235,2016-17,2019-20,José Ángel Esmorís Tasende,Jose Angel Esmoris Tasende; José Ángel Esmorís Tasende,2
146426,2020-21,2020-21,Oluwasemilogo Adesewo Ibidapo Ajayi,Oluwasemilogo Adesewo Ibidapo Ajayi,1
146610,2019-20,2020-21,Jack O'Connell,Jack O'Connell,2
14664,2016-17,2017-18,Gnegneri Yaya Touré,Gnegneri Yaya Touré,2
146941,2017-18,2023-24,Aymeric Laporte,Aymeric Laporte,7
147303,2017-18,2018-19,Laurent Depoitre,Laurent Depoitre,2
147611,2022-23,2024-25,Paul Onuachu,Paul Onuachu,2
147612,2019-20,2019-20,Richairo Zivkovic,Richairo Zivkovic,1
147668,2016-17,2016-17,Cameron Brannagan,Cameron Brannagan,1
147675,2016-17,2016-17,Chuba Akpom,Chuba Akpom,1
148179,2016-17,2017-18,Enner Valencia,Enner Valencia,2
148225,2016-17,2023-24,Anthony Martial,Anthony Martial,8
148508,2019-20,2021-22,Mahmoud Ahmed Ibrahim Hassan,Mahmoud Ahmed Ibrahim Hassan,3
149016,2016-17,2016-17,Lynden Gooch,Lynden Gooch,1
149051,2016-17,2016-17,Ethan Robson,Ethan Robson,1
149065,2021-22,2025-26,José Malheiro de Sá,José Malheiro de Sá,5
149266,2016-17,2020-21,Alfie Mawson,Alfie Mawson,4
14927,2018-19,2018-19,Greg Halford,Greg Halford,1
14937,2021-22,2022-23,Cristiano Ronaldo dos Santos Aveiro,Cristiano Ronaldo dos Santos Aveiro,2
149468,2016-17,2018-19,Tyias Browning,Tyias Browning,2
149484,2016-17,2025-26,Tyrone Mings,Tyrone Mings,10
149519,2021-22,2025-26,Maxwel Cornet,Maxwel Cornet,5
149736,2017-18,2018-19,Chancel Mbemba,Chancel Mbemba,2
149828,2016-17,2020-21,Islam Slimani,Islam Slimani,3
149915,2020-21,2022-23,Diego Llorente,Diego Llorente,3
149929,2024-25,2024-25,Wes Burns,Wes Burns,1
15033,2016-17,2020-21,Wes Morgan,Wes Morgan,5
151086,2017-18,2024-25,Mario Lemina,Mario Lemina,7
15109,2016-17,2016-17,Tom Huddlestone,Tom Huddlestone,1
151119,2016-17,2020-21,DeAndre Yedlin,DeAndre Yedlin,5
15114,2016-17,2017-18,Leon Britton,Leon Britton,2
15137,2017-18,2017-18,Liam Rosenior,Liam Rosenior,1
15144,2016-17,2016-17,David Marshall,David Marshall,1
15149,2016-17,2019-20,Simon Francis,Simon Francis,4
15157,2016-17,2025-26,James Milner,James Milner,10
151589,2018-19,2025-26,Leander Dendoncker,Leander Dendoncker,8
152015,2016-17,2016-17,Guillermo Varela,Guillermo Varela,1
15208,2016-17,2016-17,Bastian Schweinsteiger,Bastian Schweinsteiger,1
15237,2016-17,2019-20,Andrew Surman,Andrew Surman,4
152551,2018-19,2025-26,Jefferson Lerma Solís,Jefferson Lerma; Jefferson Lerma Solís,6
152590,2020-21,2023-24,Alex Telles,Alex Nicolao Telles; Alex Telles,4
15276,2016-17,2016-17,Joey Barton,Joey Barton,1
152760,2016-17,2023-24,Divock Origi,Divock Origi,7
152898,2020-21,2022-23,Ben Davies,Ben Davies,3
153127,2017-18,2025-26,Isaac Hayden,Isaac Hayden,8
153133,2016-17,2025-26,Alex Iwobi,Alex Iwobi,10
153256,2016-17,2023-24,Mohamed Elneny,Mohamed Elneny; Mohamed Naser El Sayed Elneny,8
153366,2016-17,2025-26,Harrison Reed,Harrison Reed,6
153371,2018-19,2019-20,Sam Gallagher,Sam Gallagher,2
153373,2016-17,2018-19,Sam McQueen,Sam McQueen,3
153379,2016-17,2020-21,Josh Sims,Joshua Sims; Josh Sims,4
153477,2017-18,2017-18,Conor Masterson,Conor Masterson,1
153601,2016-17,2016-17,Carlos De Pena,Carlos De Pena,1
153673,2016-17,2021-22,Jonjoe Kenny,Jonjoe Kenny,5
153678,2016-17,2016-17,Chris Long,Chris Long,1
153682,2016-17,2025-26,Harry Wilson,Harry Wilson,7
153723,2019-20,2020-21,John Lundstram,John Lundstram,2
153772,2016-17,2016-17,Luke McGee,Luke McGee,1
154043,2016-17,2022-23,Ainsley Maitland-Niles,Ainsley Maitland-Niles,7
154048,2024-25,2024-25,Stephy Mavididi,Stephy Mavididi,1
154050,2016-17,2016-17,Olufela Olomola,Olufela Olomola,1
154051,2016-17,2016-17,Oviemuno Ejaria,Oviemuno Ejaria,1
154131,2019-20,2022-23,Jack Stacey,Jack Stacey,2
154138,2021-22,2021-22,Tariqe Fosu-Henry,Tariqe Fosu-Henry,1
154296,2022-23,2025-26,João Maria Lobo Alves Palhares Costa Palhinha Gonçalves,João Palhinha Gonçalves; João Maria Lobo Alves Palhares Costa Palhinha Gonçalves,3
154506,2017-18,2021-22,Daniel Bachmann,Daniel Bachmann,2
154558,2016-17,2016-17,Thomas Robson,Thomas Robson,1
154559,2016-17,2016-17,Michael Ledger,Michael Ledger,1
154561,2021-22,2025-26,David Raya Martín,David Raya Martin; David Raya Martín,5
154566,2016-17,2025-26,Dominic Solanke-Mitchell,Dominic Solanke; Dominic Solanke-Mitchell,8
154976,2016-17,2016-17,Adnan Januzaj,Adnan Januzaj,1
154998,2016-17,2016-17,Takuma Asano,Takuma Asano,1
155197,2020-21,2023-24,Max Lowe,Max Lowe,2
155405,2020-21,2025-26,Kalvin Phillips,Kalvin Phillips,6
155408,2016-17,2025-26,Lewis Cook,Lewis Cook,8
155503,2017-18,2025-26,Freddie Woodman,Freddie Woodman; Frederick Woodman,5
155509,2016-17,2016-17,Greg Olley,Greg Olley,1
155511,2021-22,2025-26,Adam Armstrong,Adam Armstrong,4
155513,2017-18,2020-21,Rolando Aarons,Rolando Aarons,3
155529,2020-21,2023-24,Marek Rodák,Marek Rodák,3
155561,2022-23,2022-23,Ludwig Augustinsson,Ludwig Augustinsson,1
155569,2016-17,2022-23,Daniel Amartey,Daniel Amartey,7
155651,2018-19,2021-22,Adam Masina,Adam Masina,3
155706,2016-17,2016-17,Dionatan do Nascimento Teixeira,Dionatan do Nascimento Teixeira,1
155851,2016-17,2018-19,Lucas Pérez,Lucas Pérez,3
156069,2019-20,2019-20,Liam Gibson,Liam Gibson,1
156074,2016-17,2025-26,Rob Holding,Rob Holding,10
15633,2016-17,2016-17,Alex Baptiste,Alex Baptiste,1
156658,2016-17,2023-24,Reece Burke,Reece Burke,3
156660,2016-17,2017-18,Moses Makasi,Moses Makasi,2
156683,2021-22,2021-22,Pierluigi Gollini,Pierluigi Gollini,1
156685,2022-23,2023-24,Joe Rothwell,Joe Rothwell,2
156686,2016-17,2016-17,James Weir,James Weir,1
156687,2022-23,2023-24,Ben Pearson,Ben Pearson,2
156689,2016-17,2025-26,Andreas Hoelgebaum Pereira,Andreas Pereira; Andreas Hoelgebaum Pereira,10
156690,2016-17,2016-17,Joshua Harrop,Joshua Harrop,1
156700,2023-24,2023-24,Carlton Morris,Carlton Morris,1
15749,2016-17,2021-22,Joe Hart,Joe Hart,6
157665,2016-17,2016-17,Filip Lesniak,Filip Lesniak,1
157668,2016-17,2024-25,Harry Winks,Harry Winks,8
157775,2018-19,2021-22,Ken Sema,Ken Sema,3
157882,2019-20,2021-22,Takumi Minamino,Takumi Minamino,3
158074,2016-17,2017-18,Gabriel Armando de Abreu,Gabriel Armando de Abreu,2
158499,2022-23,2025-26,Ryan Christie,Ryan Christie,4
158534,2017-18,2025-26,Kyle Walker-Peters,Kyle Walker-Peters,8
158544,2016-17,2016-17,Jake Hesketh,Jake Hesketh,1
15885,2016-17,2017-18,Adam Federici,Adam Federici,2
158983,2023-24,2025-26,Endo Wataru,Wataru Endo; Endo Wataru,3
159039,2018-19,2018-19,Antonio Barreca,Antonio Barreca,1
15944,2016-17,2016-17,Michael Kightly,Michael Kightly,1
159506,2016-17,2025-26,Ola Aina,Ola Aina; Olu Aina,5
159533,2016-17,2025-26,Adama Traoré Diarra,Adama Traoré; Adama Traoré Diarra,9
15982,2016-17,2017-18,Dean Marney,Dean Marney,2
160190,2017-18,2017-18,Kasey Palmer,Kasey Palmer,1
16045,2016-17,2017-18,Ben Watson,Ben Watson,2
160729,2016-17,2016-17,Jason Denayer,Jason Denayer,1
160816,2016-17,2016-17,Donald Love,Donald Love,1
160817,2016-17,2016-17,Patrick McNair,Patrick McNair,1
160987,2019-20,2023-24,Jean-Philippe Gbamin,Jean-Philippe Gbamin,5
1616,2016-17,2016-17,Alexander Manninger,Alexander Manninger,1
162344,2021-22,2021-22,Philip Zinckernagel,Philip Zinckernagel,1
162651,2021-22,2021-22,Samir Caetano de Souza Santos,Samir Caetano de Souza Santos,1
1632,2016-17,2017-18,Gareth Barry,Gareth Barry,2
163463,2017-18,2017-18,Papa Alioune Ndiaye,Papa Alioune Ndiaye,1
163526,2016-17,2018-19,Edimilson Fernandes,Edimilson Fernandes,3
163776,2017-18,2017-18,Erdal Rakip,Erdal Rakip,1
163793,2016-17,2016-17,Matt Miazga,Matt Miazga,1
164011,2020-21,2020-21,Mbaye Diagne,Mbaye Diagne,1
164484,2020-21,2023-24,Zack Steffen,Zack Steffen,4
164511,2018-19,2022-23,Yerry Mina,Yerry Mina,5
164555,2020-21,2024-25,Vladimír Coufal,Vladimir Coufal; Vladimír Coufal,5
165152,2023-24,2023-24,Glen Rea,Glen Rea,1
165153,2020-21,2024-25,Timo Werner,Timo Werner,5
165183,2023-24,2023-24,Amari'i Bell,Amari'i Bell,1
165210,2018-19,2021-22,Alireza Jahanbakhsh,Alireza Jahanbakhsh,4
165659,2022-23,2024-25,Diego Carlos Santos Silva,Diego Carlos Santos Silva,3
165808,2018-19,2021-22,Hélder Wander Sousa de Azevedo e Costa,Hélder Costa; Hélder Wander Sousa de Azevedo e Costa,4
165809,2017-18,2025-26,Bernardo Mota Veiga de Carvalho e Silva,Bernardo Mota Veiga de Carvalho e Silva; Bernardo Veiga de Carvalho e Silva,9
165911,2016-17,2016-17,Bartosz Kapustka,Bartosz Kapustka,1
165990,2016-17,2019-20,Vincent Janssen,Vincent Janssen,4
166324,2018-19,2023-24,Ivan Neves Abreu Cavaleiro,Ivan Cavaleiro; Ivan Ricardo Neves Abreu Cavaleiro; Ivan Neves Abreu Cavaleiro,5
166325,2022-23,2022-23,Carlos Ribeiro Dias,Carlos Ribeiro Dias,1
166477,2020-21,2025-26,Timothy Castagne,Timothy Castagne,6
166640,2018-19,2020-21,Fabián Balbuena,Fabián Balbuena,3
166989,2018-19,2025-26,Youri Tielemans,Youri Tielemans,8
167074,2020-21,2025-26,Kenny Tete,Kenny Tete,5
167075,2017-18,2019-20,Wesley Hoedt,Wesley Hoedt,3
167191,2024-25,2024-25,Marcus Myers-Harness,Marcus Myers-Harness,1
167199,2020-21,2024-25,Thomas Partey,Thomas Partey,5
167473,2017-18,2020-21,José Izquierdo,José Heriberto Izquierdo Mena; José Izquierdo,4
167512,2025-26,2025-26,Luke O'Nien,Luke O'Nien,1
167522,2017-18,2021-22,Jordan Hugill,Jordan Hugill,4
167541,2017-18,2017-18,Jack Payne,Jack Payne,1
167767,2016-17,2022-23,Robert Kenedy Nunes do Nascimento,Robert Kenedy Nunes do Nascimento,6
167789,2016-17,2016-17,Baily Cargill,Baily Cargill,1
167878,2019-20,2023-24,Ben Osborn,Ben Osborn,3
167887,2025-26,2025-26,Josh Laurent,Josh Laurent,1
167888,2024-25,2024-25,Joe Lumley,Joe Lumley,1
168035,2023-24,2023-24,Fred Onyedinma,Fred Onyedinma,1
168090,2023-24,2024-25,Mahmoud Dahoud,Mahmoud Dahoud,2
168172,2017-18,2022-23,Joe Lolley,Joe Lolley,2
168196,2016-17,2017-18,Joel Dinis Castro Pereira,Joel Dinis Castro Pereira,2
168281,2022-23,2023-24,Scott McKenna,Scott McKenna,2
168287,2016-17,2016-17,Jonathan Calleri,Jonathan Calleri,1
168290,2019-20,2019-20,Ignacio Pussetto,Ignacio Pussetto,1
168399,2018-19,2021-22,Will Norris,Will Norris,4
168547,2023-24,2023-24,Ethan Horvath,Ethan Horvath,1
168566,2016-17,2019-20,Georges-Kévin Nkoudou,Georges-Kévin Nkoudou,4
168580,2017-18,2022-23,Ayoze Pérez,Ayoze Pérez,6
168636,2023-24,2025-26,Enes Ünal,Enes Ünal,3
168717,2016-17,2016-17,Maksymilian Stryjek,Maksymilian Stryjek,1
168763,2016-17,2020-21,Cameron Carter-Vickers,Cameron Carter-Vickers,3
168764,2018-19,2019-20,Luke Amos,Luke Amos,2
168765,2016-17,2022-23,Josh Onomah,Joshua Onomah; Josh Onomah,3
168977,2017-18,2018-19,Joel Coleman,Joel Coleman,2
168991,2017-18,2025-26,Philip Billing,Philip Billing,7
169061,2016-17,2016-17,Dael Fry,Dael Fry,1
169102,2017-18,2018-19,Tiemoué Bakayoko,Tiemoué Bakayoko,2
169130,2016-17,2016-17,Joel Taylor,Joel Taylor,1
169141,2017-18,2018-19,Steve Mounie,Steve Mounie,2
169187,2016-17,2024-25,Trent Alexander-Arnold,Trent Alexander-Arnold,9
169359,2016-17,2025-26,Matt Targett,Matt Targett,10
169432,2016-17,2023-24,Oliver McBurnie,Oliver McBurnie,5
169527,2016-17,2016-17,Joe Williams,Joe Williams,1
169528,2020-21,2025-26,Antonee Robinson,Antonee Robinson,5
169535,2016-17,2016-17,Julien de Sart,Julien de Sart,1
169593,2021-22,2025-26,Remi Matthews,Remi Matthews,5
169735,2016-17,2016-17,Noor Husin,Noor Husin,1
169743,2017-18,2017-18,Connor Mahoney,Connor Mahoney,1
170137,2019-20,2023-24,Allan Saint-Maximin,Allan Saint-Maximin,5
170154,2016-17,2016-17,Pablo Maffeo,Pablo Maffeo,1
170271,2018-19,2020-21,Jean Michaël Seri,Jean Michael Seri; Jean Michaël Seri,2
170851,2016-17,2016-17,Josh Robson,Josh Robson,1
171099,2021-22,2021-22,Hassane Kamara,Hassane Kamara,1
171101,2022-23,2023-24,Clément Lenglet,Clément Lenglet,2
171129,2018-19,2019-20,Diego Rico,Diego Rico,2
171162,2017-18,2017-18,Charly Musonda,Charly Musonda,1
17127,2016-17,2017-18,Per Mertesacker,Per Mertesacker,2
171270,2018-19,2021-22,Kieran Dowell,Kieran Dowell,2
171273,2016-17,2016-17,Cameron Borthwick-Jackson,Cameron Borthwick-Jackson,1
171277,2016-17,2016-17,Demetri Mitchell,Demetri Mitchell,1
171287,2016-17,2025-26,Joe Gomez,Joseph Gomez; Joe Gomez,10
171314,2020-21,2025-26,Rúben dos Santos Gato Alves Dias,Rúben Santos Gato Alves Dias; Rúben Gato Alves Dias; Rúben dos Santos Gato Alves Dias,6
171317,2018-19,2022-23,Rúben da Silva Neves,Rúben Diogo da Silva Neves; Rúben da Silva Neves,5
171319,2017-18,2017-18,Renato Sanches,Renato Sanches,1
171422,2025-26,2025-26,Alan Browne,Alan Browne,1
171771,2017-18,2024-25,Jan Bednarek,Jan Bednarek,7
1718,2016-17,2016-17,John Terry,John Terry,1
171975,2019-20,2020-21,Callum Robinson,Callum Robinson,2
171982,2016-17,2016-17,Brian Lenihan,Brian Lenihan,1
172246,2017-18,2018-19,Florent Hadergjonaj,Florent Hadergjonaj,2
172453,2024-25,2024-25,Sam Szmodics,Sam Szmodics,1
172551,2018-19,2018-19,Callum Roberts,Callum Roberts,1
172567,2016-17,2025-26,Josh Cullen,Josh Cullen,4
172632,2016-17,2023-24,Demarai Gray,Demarai Gray,8
172649,2019-20,2025-26,Dean Henderson,Dean Henderson,7
172780,2018-19,2025-26,James Maddison,James Maddison,8
172782,2019-20,2023-24,Josh Brownhill,Josh Brownhill,4
172841,2020-21,2023-24,Saïd Benrahma,Saïd Benrahma,4
172850,2016-17,2024-25,Ben Chilwell,Benjamin Chilwell; Ben Chilwell,9
172912,2023-24,2023-24,Sofyan Amrabat,Sofyan Amrabat,1
173268,2023-24,2023-24,Ivo Grbic,Ivo Grbic,1
173271,2022-23,2022-23,Duje Caleta-Car,Duje Caleta-Car,1
17336,2016-17,2016-17,Gaël Clichy,Gaël Clichy,1
17339,2016-17,2018-19,Steven Davis,Steven Davis,3
173399,2022-23,2023-24,Mohamed Dräger,Mohamed Dräger,2
17349,2016-17,2021-22,Aaron Lennon,Aaron Lennon,5
173514,2016-17,2021-22,Isaac Success Ajayi,Isaac Success; Isaac Success Ajayi,5
173515,2016-17,2022-23,Kelechi Iheanacho,Kelechi Iheanacho,7
173792,2016-17,2018-19,Reece Oxford,Reece Oxford,3
173804,2017-18,2017-18,Layton Ndukwu,Layton Ndukwu,1
173807,2016-17,2023-24,Tom Davies,Tom Davies,8
173809,2016-17,2020-21,Jonathan Leko,Jonathan Leko,3
173810,2019-20,2019-20,Darnell Johnson,Darnell Johnson,1
173818,2020-21,2024-25,Nathan Broadhead,Nathan Broadhead,3
173821,2020-21,2022-23,Tyler Roberts,Tyler Roberts,3
173879,2017-18,2025-26,Tammy Abraham,Tammy Abraham,6
173904,2017-18,2023-24,Davinson Sánchez,Davinson Sánchez,7
173954,2017-18,2023-24,Jairo Riedewald,Jairo Riedewald,7
174248,2017-18,2017-18,George Thomas,George Thomas,1
174254,2016-17,2016-17,Pedro Chirivella,Pedro Chirivella,1
174292,2024-25,2024-25,Marco Asensio,Marco Asensio,1
174310,2023-24,2023-24,Elijah Adebayo,Elijah Adebayo,1
174590,2019-20,2019-20,Jacob Maddox,Jacob Maddox,1
174592,2025-26,2025-26,Marcus Edwards,Marcus Edwards,1
174593,2020-21,2020-21,Kyle Edwards,Kyle Edwards,1
174594,2017-18,2025-26,Lukas Nmecha,Lukas Nmecha,2
174595,2023-24,2023-24,Admiral Muskwe,Admiral Muskwe,1
174597,2019-20,2019-20,Andre Green,Andre Green,1
17476,2016-17,2018-19,Vincent Kompany,Vincent Kompany,3
174874,2020-21,2025-26,Joachim Andersen,Joachim Andersen,6
174932,2021-22,2023-24,Sergi Canós Tenés,Sergi Canós; Sergi Canós Tenés,3
175351,2018-19,2018-19,Demeaco Duhaney,Demeaco Duhaney,1
175353,2019-20,2021-22,Ayotomiwa Dele-Bashiru,Ayotomiwa Dele-Bashiru,2
175592,2018-19,2022-23,Naby Keita,Naby Keita,5
175941,2017-18,2024-25,Alfie Whiteman,Alfie Whiteman,5
175946,2018-19,2019-20,Víctor Camarasa,Víctor Camarasa,2
17601,2019-20,2024-25,Scott Carson,Scott Carson,6
176295,2016-17,2016-17,Matthew Willock,Matthew Willock,1
176296,2016-17,2021-22,Ashley Fletcher,Ashley Fletcher,3
176297,2016-17,2025-26,Marcus Rashford,Marcus Rashford,10
176413,2019-20,2023-24,Christian Pulisic,Christian Pulisic,5
176414,2018-19,2018-19,Luca De La Torre,Luca De La Torre,1
176420,2020-21,2020-21,Darnell Furlong,Darnell Furlong,1
176706,2018-19,2018-19,Alfie Jones,Alfie Jones,1
17740,2016-17,2016-17,Jesús Navas,Jesús Navas,1
17745,2016-17,2022-23,Kasper Schmeichel,Kasper Schmeichel,7
17761,2016-17,2025-26,James Tarkowski,James Tarkowski,10
177815,2016-17,2025-26,Dominic Calvert-Lewin,Dominic Calvert-Lewin,10
178173,2019-20,2022-23,Matt Clarke,Matthew Clarke; Matt Clarke,3
178186,2016-17,2025-26,Jarrod Bowen,Jarrod Bowen,8
178301,2020-21,2025-26,Ollie Watkins,Ollie Watkins,6
178304,2016-17,2020-21,Lys Mousset,Lys Mousset,5
17878,2016-17,2018-19,Cesc Fàbregas,Cesc Fàbregas,3
178867,2017-18,2017-18,Antonio Martinez Lopez,Antonio Martinez Lopez,1
178871,2016-17,2016-17,Aleix García Serrano,Aleix García Serrano,1
178876,2019-20,2019-20,Jesús Vallejo Lázaro,Jesús Vallejo Lázaro,1
179018,2018-19,2024-25,Miguel Almirón Rejala,Miguel Almirón; Miguel Almirón Rejala,7
179261,2016-17,2016-17,Zachary Dearnley,Zachary Dearnley,1
179268,2021-22,2025-26,Marc Cucurella Saseta,Marc Cucurella; Marc Cucurella Saseta,5
179276,2021-22,2021-22,Mathias Normann,Mathias Normann,1
179456,2019-20,2020-21,Oskar Buur,Oskar Buur,2
179458,2023-24,2025-26,Jacob Bruun Larsen,Jacob Bruun Larsen,2
179519,2022-23,2024-25,Orel Mangala,Orel Mangala,3
179587,2019-20,2019-20,Dennis Srbeny,Dennis Srbeny,1
179596,2016-17,2016-17,Elliott Moore,Elliott Moore,1
179620,2016-17,2016-17,Mamadou Obbi Oularé,Mamadou Obbi Oularé,1
179725,2016-17,2017-18,Carl Stewart,Carl Stewart,2
179829,2017-18,2017-18,Josh Pask,Josh Pask,1
179830,2017-18,2020-21,Grady Diangana,Grady Diangana,4
17997,2016-17,2021-22,Phil Bardsley,Phil Bardsley,6
18006,2017-18,2017-18,Martin Cranie,Martin Cranie,1
18008,2016-17,2017-18,James Morrison,James Morrison,2
1801,2016-17,2017-18,Paul Robinson,Paul Robinson,2
180135,2018-19,2025-26,Sean Longstaff,Sean Longstaff,8
180151,2017-18,2023-24,Nikola Vlašić,Nikola Vlasic; Nikola Vlašić,5
180184,2020-21,2023-24,Donny van de Beek,Donny van de Beek,4
180294,2018-19,2020-21,Karlan Grant,Karlan Grant,2
18073,2016-17,2021-22,Mark Noble,Mark Noble,6
180736,2017-18,2025-26,Trevoh Chalobah,Trevoh Chalobah,6
180804,2016-17,2025-26,Axel Tuanzebe,Axel Tuanzebe,7
180974,2019-20,2025-26,Joelinton Cássio Apolinário de Lira,Joelinton Cássio Apolinário de Lira,7
181008,2019-20,2020-21,Albian Ajeti,Albian Ajeti,2
181284,2022-23,2025-26,Gonçalo Manuel Ganchinho Guedes,Gonçalo Manuel Ganchinho Guedes,4
181397,2018-19,2018-19,Jamie Sterry,Jamie Sterry,1
181489,2016-17,2016-17,Alex Pike,Alex Pike,1
18155,2016-17,2016-17,Mathieu Flamini,Mathieu Flamini,1
181911,2017-18,2017-18,Kyle Scott,Kyle Scott,1
182156,2016-17,2019-20,Leroy Sané,Leroy Sané,4
1822,2016-17,2016-17,Shay Given,Shay Given,1
182436,2016-17,2021-22,Ben Woodburn,Ben Woodburn,4
182539,2019-20,2020-21,Daniel Ceballos Fernández,Daniel Ceballos Fernández,2
182960,2016-17,2016-17,Pau López Sabata,Pau López Sabata,1
183015,2020-21,2020-21,Cedric Kipre,Cedric Kipre,1
183487,2016-17,2019-20,Nathan Holland,Nathan Holland,3
183656,2021-22,2025-26,Josh Dasilva,Pelenda Joshua Dasilva; Josh Dasilva,5
183751,2023-24,2025-26,Manuel Benson Hedilazio,Manuel Benson Hedilazio,2
184029,2020-21,2025-26,Martin Ødegaard,Martin Ødegaard,6
184193,2022-23,2022-23,Jordan Smith,Jordan Smith,1
184254,2023-24,2025-26,Guglielmo Vicario,Guglielmo Vicario,3
184259,2020-21,2020-21,Richard Nartey,Richard Nartey,1
184341,2019-20,2025-26,Mason Mount,Mason Mount,7
184349,2018-19,2025-26,Ryan Sessegnon,Ryan Sessegnon,8
184386,2020-21,2024-25,James Bree,James Bree,3
18440,2019-20,2019-20,Leon Clarke,Leon Clarke,1
184667,2017-18,2025-26,Victor Lindelöf,Victor Lindelöf,9
184704,2019-20,2023-24,Marvelous Nakamba,Marvelous Nakamba,5
184754,2021-22,2025-26,Hwang Hee-chan,Hee-Chan Hwang; Hwang Hee-chan,5
18499,2019-20,2021-22,Michael McGovern,Michael McGovern,2
185056,2016-17,2016-17,Mateusz Hewelt,Mateusz Hewelt,1
18507,2016-17,2022-23,Diego Da Silva Costa,Diego Da Silva Costa,3
185253,2022-23,2023-24,Gustavo Henrique Furtado Scarpa,Gustavo Henrique Furtado Scarpa,2
185431,2017-18,2017-18,Ali Gabr,Ali Gabr,1
185478,2017-18,2021-22,Jarosław Jach,Jaroslaw Jach; Jarosław Jach,3
18656,2016-17,2019-20,Heurelho da Silva Gomes,Heurelho Gomes; Heurelho da Silva Gomes,4
18665,2019-20,2019-20,Alexander Tettey,Alexander Tettey,1
18726,2016-17,2019-20,Artur Boruc,Artur Boruc,4
18759,2016-17,2016-17,Álvaro Arbeloa,Álvaro Arbeloa,1
18805,2016-17,2016-17,Joe Ledley,Joe Ledley,1
18832,2019-20,2019-20,Richard Stearman,Richard Stearman,1
18867,2019-20,2020-21,Billy Sharp,Billy Sharp,2
18892,2016-17,2024-25,Ashley Young,Ashley Young,8
189627,2021-22,2021-22,Dimitris Giannoulis,Dimitris Giannoulis,1
189776,2023-24,2023-24,Samuel Bastien,Samuel Bastien,1
18987,2016-17,2020-21,Robert Snodgrass,Robert Snodgrass,5
19057,2016-17,2016-17,Sebastian Larsson,Sebastian Larsson,1
19071,2017-18,2017-18,Uwe Hünemeier,Uwe Hünemeier,1
19101,2016-17,2016-17,Dimitrios Konstantopoulos,Dimitrios Konstantopoulos,1
19115,2016-17,2016-17,Curtis Davies,Curtis Davies,1
19151,2016-17,2017-18,Chris Brunt,Chris Brunt,2
19159,2016-17,2018-19,Ashley Williams,Ashley Williams,3
191769,2016-17,2016-17,Jonathan Benteke,Jonathan Benteke,1
191866,2021-22,2025-26,Kristoffer Ajer,Kristoffer Ajer,5
19188,2016-17,2020-21,Scott Dann,Scott Dann,5
19194,2019-20,2020-21,David Martin,David Martin,2
19197,2016-17,2018-19,Jason Puncheon,Jason Puncheon,3
192182,2016-17,2016-17,Kieran O'Hara,Kieran O'Hara,1
192290,2016-17,2025-26,Connor Roberts,Connor Roberts,5
192301,2017-18,2018-19,Jon Gorenc Stankovic,Jon Gorenc Stankovic,2
192303,2019-20,2021-22,Christoph Zimmermann,Christoph Zimmermann,2
19236,2018-19,2025-26,John Ruddy,John Ruddy,6
19272,2016-17,2017-18,Gareth McAuley,Gareth McAuley,2
192895,2019-20,2024-25,Kieran Tierney,Kieran Tierney,6
193109,2018-19,2019-20,Callum Slattery,Callum Slattery,2
193111,2019-20,2021-22,Todd Cantwell,Todd Cantwell,2
193195,2023-24,2023-24,Allan Campbell,Allan Campbell,1
193204,2022-23,2024-25,Joe Aribo,Joe Ayodele-Aribo; Joe Aribo,2
19342,2016-17,2016-17,Ikechi Anya,Ikechi Anya,1
193488,2019-20,2022-23,Anwar El Ghazi,Anwar El Ghazi,4
193645,2020-21,2022-23,Robin Koch,Robin Koch,3
194010,2021-22,2025-26,Rico Henry,Rico Henry,5
194126,2019-20,2020-21,Michael Verrips,Michael Verrips,2
194164,2016-17,2024-25,Mason Holgate,Mason Holgate,9
19419,2016-17,2020-21,Gary Cahill,Gary Cahill,5
194190,2017-18,2024-25,Harry Souttar,Harry Souttar,3
194252,2019-20,2022-23,Steven Bergwijn,Steven Bergwijn,4
194401,2018-19,2019-20,Adalberto Peñaranda,Adalberto Peñaranda,2
194634,2018-19,2024-25,Diogo Teixeira da Silva,Diogo Jota; Diogo Teixeira da Silva,7
194794,2017-18,2020-21,Fikayo Tomori,Fikayo Tomori,3
194798,2019-20,2019-20,Bernard Ashley-Seal,Bernard Ashley-Seal,1
194799,2019-20,2024-25,Jamal Lewis,Jamal Lewis,6
195064,2019-20,2020-21,Mace Goodridge,Mace Goodridge,2
19520,2018-19,2018-19,Ryan Babel,Ryan Babel,1
19523,2018-19,2018-19,Sol Bamba,Sol Bamba,1
19524,2016-17,2017-18,Santiago Cazorla,Santiago Cazorla,2
195384,2017-18,2025-26,Mikel Merino Zazón,Mikel Merino; Mikel Merino Zazón,4
195471,2018-19,2020-21,Anthony Driscoll-Glennon,Anthony Driscoll-Glennon,3
195473,2016-17,2023-24,Rhian Brewster,Rhian Brewster,4
195480,2016-17,2020-21,Josh Maja,Josh Maja,2
195546,2019-20,2025-26,Emiliano Buendía Stati,Emiliano Buendía; Emiliano Buendía Stati,6
19556,2016-17,2016-17,David Jones,David Jones,1
19568,2016-17,2017-18,Ibrahim Afellay,Ibrahim Afellay,2
195728,2021-22,2021-22,Alex Kral,Alex Kral,1
195735,2019-20,2023-24,Nicolas Pépé,Nicolas Pépé,5
195774,2019-20,2020-21,Gedson Carvalho Fernandes,Gedson Carvalho Fernandes,2
195851,2016-17,2024-25,Scott McTominay,Scott McTominay,9
195855,2017-18,2019-20,Beni Baningime,Beni Baningime,3
195859,2016-17,2017-18,Marcus Browne,Marcus Browne,2
195860,2018-19,2018-19,Joe Powell,Joe Powell,1
195864,2016-17,2020-21,Sam Field,Sam Field,3
195899,2022-23,2023-24,Gianluca Scamacca,Gianluca Scamacca,2
196100,2023-24,2023-24,Gustavo Hamer,Gustavo Hamer,1
196118,2018-19,2020-21,Yoshinori Muto,Yoshinori Muto,3
19624,2018-19,2022-23,João Filipe Iria Santos Moutinho,João Filipe Iria Santos Moutinho,5
196411,2024-25,2024-25,Conor Chaplin,Conor Chaplin,1
19687,2016-17,2016-17,Alex Bruce,Alex Bruce,1
197024,2024-25,2025-26,Guido Rodríguez,Guido Rodríguez,2
197030,2018-19,2020-21,Aboubakar Kamara,Aboubakar Kamara,2
197365,2016-17,2023-24,Eric Bailly,Eric Bailly,8
197464,2019-20,2024-25,Nathaniel Phillips,Nathaniel Phillips,6
197469,2017-18,2024-25,Hamza Choudhury,Hamza Choudhury,7
19760,2016-17,2018-19,Fernando Llorente,Fernando Llorente,3
197937,2017-18,2020-21,Oliver Burke,Oliver Burke,2
198044,2016-17,2021-22,Harry Lewis,Harry Lewis,4
19812,2016-17,2016-17,Dusan Kuciak,Dusan Kuciak,1
19838,2017-18,2021-22,Robert Elliot,Robert Elliot,4
198501,2017-18,2017-18,Sead Haksabanovic,Sead Haksabanovic,1
198504,2017-18,2018-19,Kazaiah Sterling,Kazaiah Sterling,2
198826,2019-20,2024-25,Ben Godfrey,Ben Godfrey,6
198842,2022-23,2022-23,Connor Ronan,Connor Ronan,1
198847,2018-19,2018-19,Bright Enobakhare,Bright Enobakhare,1
198849,2018-19,2022-23,Lucas Torreira di Pascua,Lucas Torreira; Lucas Torreira di Pascua,5
198869,2018-19,2025-26,Benjamin White,Ben White; Benjamin White,7
199056,2023-24,2023-24,Gabriel Osho,Gabriel Osho,1
199170,2022-23,2023-24,Moussa Niakhaté,Moussa Niakhaté,2
199249,2020-21,2024-25,Sergio Reguilón,Sergio Reguilón,5
199404,2017-18,2017-18,Tashan Oakley-Boothe,Tashan Oakley-Boothe,1
199583,2017-18,2017-18,Dujon Sterling,Dujon Sterling,1
199584,2019-20,2023-24,Japhet Tanganga,Japhet Tanganga,5
199598,2017-18,2025-26,Ethan Ampadu,Ethan Ampadu,8
199670,2021-22,2025-26,Odsonne Édouard,Odsonne Edouard; Odsonne Édouard,5
199796,2020-21,2025-26,Matty Cash,Matthew Cash; Matty Cash,6
199798,2019-20,2025-26,Ezri Konsa Ngoyo,Ezri Konsa Ngoyo,7
199806,2017-18,2017-18,Dion Henry,Dion Henry,1
200088,2019-20,2021-22,Daniel N'Lundulu,Daniel N'Lundulu,3
200089,2017-18,2025-26,Joe Willock,Joseph Willock; Joe Willock,9
20037,2016-17,2018-19,Marc Pugh,Marc Pugh,3
200370,2017-18,2018-19,Matt Butcher,Matt Butcher,2
200402,2020-21,2024-25,Nélson Cabral Semedo,Nélson Cabral Semedo,5
200428,2022-23,2024-25,Mateusz Lis,Mateusz Lis,2
200439,2019-20,2022-23,Che Adams,Che Adams,4
200455,2016-17,2017-18,Julien Ngoy,Julien Ngoy,2
20046,2016-17,2018-19,Stefano Okaka,Stefano Okaka,3
20047,2016-17,2016-17,Jordan Rhodes,Jordan Rhodes,1
200600,2019-20,2024-25,Daniel Castelo Podence,Daniel Castelo Podence,6
200617,2016-17,2025-26,Daniel James,Daniel James,6
200641,2017-18,2025-26,Reiss Nelson,Reiss Nelson,9
20066,2016-17,2024-25,Wayne Hennessey,Wayne Hennessey,9
200720,2019-20,2025-26,Caoimhín Kelleher,Caoimhin Kelleher; Caoimhín Kelleher,7
200785,2022-23,2025-26,Tyler Adams,Tyler Adams,4
200826,2019-20,2024-25,Giovani Lo Celso,Giovani Lo Celso,5
200834,2025-26,2025-26,Nordi Mukiele,Nordi Mukiele,1
200878,2020-21,2020-21,Filip Krovinovic,Filip Krovinovic,1
200884,2017-18,2017-18,Tyrese Campbell,Tyrese Campbell,1
201057,2022-23,2023-24,Thilo Kehrer,Thilo Kehrer,2
201084,2016-17,2020-21,Timothy Fosu-Mensah,Timothy Fosu-Mensah,5
201410,2023-24,2023-24,Auston Trusty,Auston Trusty,1
201440,2023-24,2024-25,Hwang Ui-jo,Hwang Ui-jo,2
20145,2016-17,2019-20,Adrian Mariappa,Adrian Mariappa,4
201595,2018-19,2025-26,Lucas Estella Perri,Lucas Perri; Lucas Estella Perri,2
201658,2022-23,2025-26,Marcus Tavernier,Marcus Tavernier,4
201666,2017-18,2025-26,Harvey Barnes,Harvey Barnes,9
201667,2018-19,2018-19,Josh Knight,Josh Knight,1
201895,2025-26,2025-26,Omar Alderete,Omar Alderete,1
20208,2016-17,2017-18,Charlie Adam,Charlie Adam,2
202174,2016-17,2016-17,Greg Luer,Greg Luer,1
202641,2023-24,2025-26,André Onana,André Onana,3
202993,2021-22,2025-26,Rodrigo Bentancur,Rodrigo Bentancur,5
20310,2016-17,2022-23,Willy Caballero,Willy Caballero,7
203325,2018-19,2020-21,André-Frank Zambo Anguissa,André-Frank Zambo Anguissa,2
203341,2016-17,2024-25,Wilfred Ndidi,Wilfred Ndidi,8
203368,2019-20,2022-23,Frédéric Guilbert,Frédéric Guilbert,4
203389,2019-20,2022-23,Nathan Tella,Nathan Tella,4
20399,2016-17,2016-17,Antonio Barragán,Antonio Barragán,1
204043,2022-23,2022-23,Arthur Henrique Ramos de Oliveira Melo,Arthur Henrique Ramos de Oliveira Melo,1
204120,2025-26,2025-26,Olivier Boscagli,Olivier Boscagli,1
204214,2022-23,2025-26,Pervis Estupiñán Tenorio,Pervis Estupiñán; Pervis Estupiñán Tenorio,4
204216,2016-17,2017-18,Keshi Anderson,Keshi Anderson,2
204380,2018-19,2018-19,Juninho Bacuna,Juninho Bacuna,1
204454,2018-19,2018-19,Isaac Mbenza,Isaac Mbenza,1
204480,2016-17,2025-26,Declan Rice,Declan Rice,10
204481,2018-19,2019-20,Tyreke Johnson,Tyreke Johnson,2
20452,2016-17,2021-22,Shane Long,Shane Long,6
204580,2021-22,2025-26,Vitaly Janelt,Vitaly Janelt,5
204642,2020-21,2020-21,Jay-Roy Grot,Jay-Roy Grot,1
204646,2024-25,2025-26,Donyell Malen,Donyell Malen,2
20467,2016-17,2022-23,Theo Walcott,Theo Walcott,7
204676,2020-21,2023-24,Andi Zeqiri,Andi Zeqiri,3
204716,2021-22,2025-26,Ibrahima Konaté,Ibrahima Konaté,5
204727,2021-22,2024-25,Malang Sarr,Malang Sarr,4
204760,2016-17,2017-18,Michael Folivi,Michael Folivi,2
20480,2017-18,2023-24,Tim Krul,Tim Krul,4
20481,2016-17,2017-18,Stephen Ireland,Stephen Ireland,2
204814,2023-24,2024-25,Ben Brereton Díaz,Ben Brereton; Ben Brereton Díaz,2
204819,2016-17,2016-17,Elliot Embleton,Elliot Embleton,1
204820,2018-19,2018-19,George Marsh,George Marsh,1
204822,2022-23,2025-26,Omar Richards,Omar Richards,4
204863,2024-25,2024-25,Ryan Manning,Ryan Manning,1
20487,2016-17,2016-17,Vito Mannone,Vito Mannone,1
204936,2025-26,2025-26,Gianluigi Donnarumma,Gianluigi Donnarumma,1
204968,2022-23,2025-26,Ryan Yates,Ryan Yates,4
205102,2016-17,2018-19,Ramadan Sobhi,Ramadan Sobhi,3
205135,2016-17,2016-17,Samuel Shashoua,Samuel Shashoua,1
20529,2017-18,2020-21,Glenn Murray,Glenn Murray,4
205533,2017-18,2025-26,Eddie Nketiah,Edward Nketiah; Eddie Nketiah,9
205651,2016-17,2025-26,Gabriel Fernando de Jesus,Gabriel Fernando de Jesus,10
205836,2021-22,2023-24,Saman Ghoddos,Saman Ghoddos,3
206325,2016-17,2025-26,Oleksandr Zinchenko,Oleksandr Zinchenko,10
20658,2016-17,2019-20,Pablo Zabaleta,Pablo Zabaleta,4
20664,2016-17,2019-20,David Silva,David Silva,4
20669,2016-17,2016-17,Shaun MacDonald,Shaun MacDonald,1
206882,2018-19,2019-20,Pontus Dahlberg,Pontus Dahlberg,2
206915,2017-18,2025-26,Curtis Jones,Curtis Jones,9
20695,2016-17,2018-19,Antonio Valencia,Antonio Valencia,3
207189,2019-20,2025-26,Sander Berge,Sander Berge,5
207270,2022-23,2024-25,Daniel Iversen,Daniel Iversen,2
207283,2021-22,2025-26,Mathias Jensen,Mathias Jensen,5
207300,2019-20,2019-20,Mihai-Alexandru Dobre,Mihai-Alexandru Dobre,1
207722,2023-24,2023-24,Jack Walton,Jack Walton,1
207725,2016-17,2016-17,Daniel Agyei,Daniel Agyei,1
208706,2021-22,2025-26,Bruno Guimarães Rodriguez Moura,Bruno Guimarães Rodriguez Moura,5
208904,2023-24,2023-24,Mads Juel Andersen,Mads Juel Andersen,1
208912,2022-23,2025-26,Joe Worrall,Joe Worrall,4
208973,2021-22,2021-22,Francisco Sierralta,Francisco Sierralta,1
208987,2016-17,2016-17,Jeff Reine-Adelaide,Jeff Reine-Adelaide,1
208998,2018-19,2020-21,Zeze Steven Sessegnon,Zeze Steven Sessegnon,2
209035,2022-23,2024-25,Jonathan Panzo,Jonathan Panzo,3
209036,2018-19,2025-26,Marc Guéhi,Addji Keaninkin Marc-Israel Guehi; Marc Guéhi,7
209037,2018-19,2019-20,Zech Medley,Zech Medley,2
209040,2018-19,2018-19,Timothy Eyoma,Timothy Eyoma,1
209041,2016-17,2025-26,Angel Gomes,Angel Gomes,4
209042,2018-19,2024-25,Oliver Skipp,Oliver Skipp,7
209043,2017-18,2019-20,Nya Kirby,Nya Kirby,2
209045,2021-22,2022-23,Taylor Richards,Taylor Richards,2
209046,2017-18,2025-26,Callum Hudson-Odoi,Callum Hudson-Odoi,9
209212,2016-17,2017-18,Thomas Edwards,Thomas Edwards,2
209243,2021-22,2025-26,Jadon Sancho,Jadon Sancho,5
209244,2017-18,2025-26,Phil Foden,Phil Foden,9
209288,2020-21,2025-26,Tom McGill,Thomas McGill; Tom McGill,5
209289,2018-19,2025-26,Emile Smith Rowe,Emile Smith-Rowe; Emile Smith Rowe,8
209293,2023-24,2023-24,Daiki Hashioka,Daiki Hashioka,1
209353,2019-20,2021-22,Patrick Cutrone,Patrick Cutrone,3
209362,2018-19,2021-22,Bernardo Fernandes Da Silva Junior,Bernardo Fernandes da Silva Junior; Bernardo Fernandes Da Silva Junior,4
209365,2024-25,2025-26,Matthijs de Ligt,Matthijs de Ligt,2
209400,2024-25,2025-26,Daichi Kamada,Daichi Kamada,2
209411,2018-19,2018-19,Joe Tupper,Joe Tupper,1
209413,2017-18,2017-18,Jordi Osei-Tutu,Jordi Osei-Tutu,1
209418,2021-22,2021-22,Tobi Omole,Tobi Omole,1
209419,2017-18,2017-18,Max Melbourne,Max Melbourne,1
209420,2017-18,2017-18,Joy Mukena,Joy Mukena,1
209925,2018-19,2022-23,Xande Nascimento da Costa Silva,Alexandre Nascimento Costa Silva; Xande Nascimento da Costa Silva,3
210156,2022-23,2025-26,Taiwo Awoniyi,Taiwo Awoniyi,4
210207,2017-18,2018-19,Fousseni Diabaté,Fousseni Diabaté,2
210237,2016-17,2017-18,Marko Grujic,Marko Grujic,2
210407,2020-21,2020-21,Matheus Pereira,Matheus Pereira,1
210462,2023-24,2025-26,Ibrahim Sangaré,Ibrahim Sangaré,3
210494,2022-23,2025-26,Nayef Aguerd,Nayef Aguerd,4
21083,2016-17,2017-18,Nathan Dyer,Nathan Dyer,2
21123,2016-17,2017-18,Valon Behrami,Valon Behrami,2
211975,2022-23,2025-26,Manuel Akanji,Manuel Akanji,4
21205,2016-17,2025-26,Tom Heaton,Tom Heaton,10
212314,2022-23,2025-26,Saša Lukić,Sasa Lukic; Saša Lukić,4
212319,2017-18,2025-26,Richarlison de Andrade,Richarlison de Andrade,9
212325,2021-22,2021-22,Pierre Lees-Melou,Pierre Lees-Melou,1
21246,2016-17,2016-17,Lewis Grabban,Lewis Grabban,1
212701,2022-23,2022-23,Denis Zakaria,Denis Zakaria,1
212721,2021-22,2022-23,Lyanco Silveira Neves Vojnovic,Lyanco Evangelista Silveira Neves Vojnovic; Lyanco Silveira Neves Vojnovic,2
212723,2021-22,2021-22,Milot Rashica,Milot Rashica,1
213056,2019-20,2019-20,Tudor Baluta,Tudor Baluta,1
213198,2023-24,2025-26,Christopher Nkunku,Christopher Nkunku,3
213280,2019-20,2019-20,Jake Eastwood,Jake Eastwood,1
213345,2019-20,2023-24,Wesley Moraes Ferreira da Silva,Wesley Moraes; Wesley Moraes Ferreira da Silva,4
213384,2016-17,2016-17,Josh Clackstone,Josh Clackstone,1
213405,2018-19,2020-21,Filip Benkovic,Filip Benkovic,3
213482,2018-19,2022-23,Yan Valery,Yan Valery,5
213687,2021-22,2023-24,Charlie Goode,Charlie Goode,3
213999,2023-24,2025-26,Edson Álvarez Velázquez,Edson Álvarez Velázquez,3
214048,2018-19,2025-26,Maximilian Kilman,Max Kilman; Maximilian Kilman,8
214225,2017-18,2025-26,Joe Rodon,Joe Rodon,6
214285,2020-21,2025-26,Konstantinos Tsimikas,Konstantinos Tsimikas,6
214466,2019-20,2024-25,Will Smallbone,William Smallbone; Will Smallbone,5
214470,2019-20,2020-21,Jake Vokins,Jake Vokins,2
214572,2019-20,2025-26,Brandon Austin,Brandon Austin,6
214590,2016-17,2025-26,Aaron Wan-Bissaka,Aaron Wan-Bissaka,10
214964,2024-25,2024-25,George Edmundson,George Edmundson,1
214987,2020-21,2020-21,Kamil Miazek,Kamil Miazek,1
215059,2020-21,2025-26,Robert Lynch Sánchez,Robert Sánchez; Robert Lynch Sánchez,6
215062,2018-19,2020-21,Max Sanders,Max Sanders,2
215066,2019-20,2019-20,Alex Cochrane,Alex Cochrane,1
215136,2019-20,2025-26,Neco Williams,Neco Williams,7
215379,2020-21,2025-26,Elliot Anderson,Elliot Anderson,6
215407,2019-20,2019-20,Alfie Lewis,Alfie Lewis,1
215409,2018-19,2018-19,Cameron John,Cameron John,1
215413,2021-22,2025-26,Kiernan Dewsbury-Hall,Kiernan Dewsbury-Hall,4
215439,2019-20,2025-26,Tomáš Souček,Tomas Soucek; Tomáš Souček,7
215457,2016-17,2017-18,Kane Wilson,Kane Wilson,2
215460,2020-21,2025-26,Ian Poveda-Ocampo,Ian Carlo Poveda-Ocampo; Ian Poveda-Ocampo,3
215476,2021-22,2021-22,Joshua Sargent,Joshua Sargent,1
215531,2023-24,2023-24,Ionuț Radu,Ionuț Radu,1
215610,2021-22,2021-22,Marcel Lavinier,Marcel Lavinier,1
215711,2021-22,2025-26,Leon Bailey,Leon Bailey,5
215885,2016-17,2016-17,Michael Phillips,Michael Phillips,1
216051,2018-19,2025-26,Diogo Dalot Teixeira,José Diogo Dalot Teixeira; Diogo Dalot Teixeira,8
216054,2018-19,2022-23,Rúben Nascimento Vinagre,Rúben Gonçalo Silva Nascimento Vinagre; Rúben Nascimento Vinagre,4
216055,2025-26,2025-26,Florentino Ibrain Morris Luís,Florentino Ibrain Morris Luís,1
216058,2016-17,2021-22,Domingos Quina,Domingos Quina,5
216094,2025-26,2025-26,Jeremie Frimpong,Jeremie Frimpong,1
216183,2017-18,2018-19,Brahim Diaz,Brahim Diaz,2
216208,2020-21,2023-24,Matija Šarkić,Matija Sarkic; Matija Šarkić,3
216554,2017-18,2017-18,Sam Hughes,Sam Hughes,1
216616,2020-21,2024-25,Dara O'Shea,Dara O'Shea,3
216620,2021-22,2022-23,Marcus Forss,Marcus Forss,2
216646,2021-22,2025-26,Yoane Wissa,Yoane Wissa,5
217331,2016-17,2023-24,Sam Surridge,Sam Surridge,5
217401,2018-19,2021-22,Josh Benson,Josh Benson,4
217487,2019-20,2021-22,Mbwana Ally Samatta,Mbwana Samatta; Mbwana Ally Samatta,3
217593,2019-20,2023-24,Pablo Fornals Malla,Pablo Fornals; Pablo Fornals Malla,5
217989,2017-18,2019-20,Rafael Camacho,Rafael Camacho,3
218023,2019-20,2020-21,Jimmy Dunne,Jimmy Dunne,2
218031,2018-19,2022-23,Çaglar Söyüncü,Çaglar Söyüncü,5
218112,2017-18,2017-18,Jason Lokilo,Jason Lokilo,1
218218,2022-23,2024-25,Wout Faes,Wout Faes,2
218328,2025-26,2025-26,Samuel Chukwueze,Samuel Chukwueze,1
218364,2025-26,2025-26,Borna Sosa,Borna Sosa,1
218430,2023-24,2023-24,Gonzalo Montiel,Gonzalo Montiel,1
218997,2019-20,2023-24,Ellis Simms,Ellis Simms,5
219002,2017-18,2017-18,Dodi Lukebakio,Dodi Lukebakio,1
219168,2022-23,2025-26,Alexander Isak,Alexander Isak,4
219249,2024-25,2025-26,Matt O'Riley,Matt O'Riley,2
219265,2020-21,2020-21,Felix Nmecha,Felix Nmecha,1
219279,2024-25,2024-25,Sugawara Yukinari,Sugawara Yukinari,1
219291,2020-21,2022-23,Claudio Gomes,Claudio Gomes,2
219352,2016-17,2021-22,Ademola Lookman,Ademola Lookman,6
219727,2016-17,2016-17,Joel Asoro,Joel Asoro,1
219847,2020-21,2025-26,Kai Havertz,Kai Havertz,6
219924,2018-19,2025-26,Issa Diop,Issa Diop,8
219929,2018-19,2018-19,Rafa Mir,Rafa Mir,1
219937,2020-21,2025-26,Rhys Williams,Rhys Williams,5
219961,2020-21,2022-23,Raphael Dias Belloli,Raphael Dias Belloli,3
220037,2019-20,2023-24,Bailey Peacock-Farrell,Bailey Peacock-Farrell,4
220087,2022-23,2022-23,Maximilian Wöber,Maximilian Wöber,1
220166,2018-19,2021-22,Marc Navarro,Marc Navarro,3
220237,2022-23,2025-26,Sven Botman,Sven Botman,4
220307,2019-20,2023-24,Arnaut Danjuma Groeneveld,Arnaut Danjuma Groeneveld; Arnaut Danjuma,3
220362,2023-24,2025-26,Axel Disasi,Axel Disasi,3
220394,2019-20,2024-25,Tommy Doyle,Tommy Doyle,5
220566,2019-20,2025-26,Rodrigo 'Rodri' Hernandez Cascante,Rodrigo Hernandez; Rodrigo 'Rodri' Hernandez; Rodrigo 'Rodri' Hernandez Cascante,7
220583,2024-25,2024-25,Luke Woolfenden,Luke Woolfenden,1
220585,2022-23,2024-25,Flynn Downes,Flynn Downes,3
220598,2017-18,2025-26,Michael Obafemi,Michael Obafemi,7
220627,2019-20,2025-26,James Justin,James Justin,6
220650,2016-17,2016-17,Thibaud Verlinden,Thibaud Verlinden,1
220682,2021-22,2021-22,Arthur Okonkwo,Arthur Okonkwo,1
220684,2021-22,2025-26,Aji Alese,Ajibola Alese; Aji Alese,2
220686,2021-22,2021-22,Bali Mumba,Bali Mumba,1
220688,2018-19,2021-22,Mason Greenwood,Mason Greenwood,4
220693,2017-18,2017-18,Rayhaan Tulloch,Rayhaan Tulloch,1
220695,2021-22,2025-26,Paris Maghoma,Paris Maghoma,3
220738,2017-18,2020-21,Jayson Molumby,Jayson Molumby,3
221239,2019-20,2023-24,Keinan Davis,Keinan Davis,5
221245,2017-18,2017-18,Levi Lumeka,Levi Lumeka,1
221267,2016-17,2017-18,Josh Tymon,Josh Tymon,2
221268,2016-17,2016-17,Ben Hinchcliffe,Ben Hinchcliffe,1
221271,2016-17,2016-17,Ben Wynter,Ben Wynter,1
221272,2018-19,2020-21,Sam Woods,Sam Woods,3
221275,2016-17,2019-20,Luke Dreher,Luke Dreher,3
221286,2016-17,2016-17,Charlie Rowan,Charlie Rowan,1
221389,2025-26,2025-26,John Victor Maciel Furtado,John Victor Maciel Furtado,1
221399,2020-21,2025-26,Jack Harrison,Jack Harrison,6
221403,2022-23,2023-24,Richie Laryea,Richie Laryea,2
221466,2022-23,2025-26,Marcos Senesi Barón,Marcos Senesi; Marcos Senesi Barón,4
221568,2016-17,2016-17,Daniel Kemp,Daniel Kemp,1
221610,2020-21,2022-23,Jamie Shackleton,Jamie Shackleton,3
221632,2021-22,2025-26,Cristian Romero,Cristian Romero,5
221820,2022-23,2025-26,Lisandro Martínez,Lisandro Martínez,4
222017,2018-19,2023-24,Conor Coventry,Conor Coventry,6
222018,2017-18,2024-25,Ben Johnson,Ben Johnson,8
222434,2017-18,2019-20,Jack Simpson,Jack Simpson,3
222531,2018-19,2025-26,Morgan Gibbs-White,Morgan Gibbs-White,8
222564,2021-22,2021-22,Francisco Machado Mota de Castro Trincão,Francisco Machado Mota de Castro Trincão,1
222625,2019-20,2024-25,George Hirst,George Hirst,2
222627,2019-20,2024-25,João Neves Virgínia,João Manuel Neves Virgínia; João Virgínia; João Neves Virgínia,5
222677,2018-19,2023-24,Tahith Chong,Tahith Chong,4
222683,2023-24,2025-26,Justin Kluivert,Justin Kluivert,3
222690,2022-23,2025-26,Tyrell Malacia,Tyrell Malacia,4
222694,2020-21,2025-26,Pascal Struijk,Pascal Struijk,4
222786,2019-20,2019-20,Panagiotis Retsos,Panagiotis Retsos,1
223081,2021-22,2022-23,Kristoffer Klaesson,Kristoffer Klaesson,2
223094,2022-23,2025-26,Erling Haaland,Erling Haaland,4
223175,2019-20,2021-22,Matthew Longstaff,Matthew Longstaff,3
223332,2019-20,2020-21,Faustino Anjorin,Faustino Anjorin,2
223333,2023-24,2023-24,Louie Watson,Louie Watson,1
223335,2020-21,2020-21,Sylvester Jasper,Sylvester Jasper,1
223336,2025-26,2025-26,Dan Neil,Dan Neil,1
223337,2021-22,2021-22,Jamie Bowden,Jamie Bowden,1
223340,2018-19,2025-26,Bukayo Saka,Bukayo Saka,8
223349,2019-20,2020-21,Indiana Vassilev,Indiana Vassilev,2
223434,2023-24,2025-26,Igor Julio dos Santos de Paulo,Igor Julio dos Santos de Paulo,3
223541,2024-25,2025-26,Federico Chiesa,Federico Chiesa,2
223723,2021-22,2024-25,Tomiyasu Takehiro,Takehiro Tomiyasu; Tomiyasu Takehiro,4
223824,2020-21,2021-22,Reece Hannam,Reece Hannam,2
223827,2025-26,2025-26,Daniel Ballard,Daniel Ballard,1
223911,2018-19,2025-26,Chris Mepham,Chris Mepham,6
224024,2022-23,2025-26,Lucas Tolentino Coelho de Lima,Lucas Tolentino Coelho de Lima,4
224068,2022-23,2025-26,Matt Turner,Matt Turner,4
224117,2018-19,2025-26,Viktor Gyökeres,Viktor Gyokeres; Viktor Gyökeres,2
224209,2022-23,2022-23,Rasmus Kristensen,Rasmus Kristensen,1
224444,2020-21,2021-22,Ferran Torres,Ferran Torres,2
224860,2024-25,2024-25,Carlos Soler,Carlos Soler,1
224946,2016-17,2016-17,Matthew Worthington,Matthew Worthington,1
224967,2021-22,2025-26,Vitalii Mykolenko,Vitalii Mykolenko,5
224995,2022-23,2025-26,Luis Sinisterra Lucumí,Luis Sinisterra Lucumí; Luis Sinisterra,4
225000,2021-22,2021-22,Dion Sanderson,Dion Sanderson,1
225295,2022-23,2022-23,Mateus Cardoso Lemos Martins,Mateus Cardoso Lemos Martins,1
225321,2016-17,2025-26,Aaron Ramsdale,Aaron Ramsdale,9
225368,2020-21,2020-21,Meritan Shabani,Meritan Shabani,1
225702,2021-22,2021-22,Samuel Kalu,Samuel Kalu,1
225796,2019-20,2025-26,Reece James,Reece James,7
225897,2023-24,2023-24,Fodé Ballo-Touré,Fodé Ballo-Touré,1
225902,2021-22,2024-25,Boubakary Soumaré,Boubakary Soumaré,3
226029,2017-18,2017-18,Lasse Sorenson,Lasse Sorenson,1
226182,2020-21,2025-26,Jayden Bogle,Jayden Bogle,3
226473,2023-24,2023-24,Scott Twine,Scott Twine,1
226597,2020-21,2025-26,Gabriel dos Santos Magalhães,Gabriel Magalhães; Gabriel dos Santos Magalhães,6
226944,2022-23,2025-26,Boubacar Kamara,Boubacar Kamara,4
226956,2021-22,2025-26,Mads Roerslev Rasmussen,Mads Roerslev Rasmussen,5
227127,2018-19,2025-26,Yves Bissouma,Yves Bissouma,8
227444,2024-25,2025-26,Nikola Milenković,Nikola Milenković,2
227560,2021-22,2021-22,Oghenekaro Peter Etebo,Oghenekaro Peter Etebo,1
228044,2021-22,2023-24,Mads Bech Sørensen,Mads Bech Sørensen,3
228286,2020-21,2022-23,Edouard Mendy,Edouard Mendy,3
228798,2020-21,2020-21,Cengiz Ünder,Cengiz Ünder,1
229164,2023-24,2024-25,Chiedozie Ogbene,Chiedozie Ogbene,2
229384,2024-25,2025-26,Andy Irving,Andy Irving,2
229415,2021-22,2021-22,Jon McCracken,Jon McCracken,1
229600,2018-19,2025-26,Mark Travers,Mark Travers,6
230001,2024-25,2025-26,Noussair Mazraoui,Noussair Mazraoui,2
230046,2019-20,2025-26,Douglas Luiz Soares de Paulo,Douglas Luiz Soares de Paulo,6
230127,2020-21,2020-21,Percy Tau,Percy Tau,1
230251,2021-22,2024-25,Emmanuel Dennis,Emmanuel Dennis,4
230348,2024-25,2024-25,Ross Stewart,Ross Stewart,1
230376,2025-26,2025-26,Jhon Arias,Jhon Arias,1
230428,2018-19,2018-19,Philippe Sandler,Philippe Sandler,1
231057,2023-24,2025-26,Jean-Ricner Bellegarde,Jean-Ricner Bellegarde,3
231065,2021-22,2025-26,Ethan Pinnock,Ethan Pinnock,5
231172,2016-17,2017-18,Brandon Mason,Brandon Mason,2
231372,2019-20,2023-24,Tanguy Ndombélé Alvaro,Tanguy Ndombele; Tanguy Ndombélé Alvaro,4
231416,2024-25,2025-26,Ferdi Kadıoğlu,Ferdi Kadioglu; Ferdi Kadıoğlu,2
231480,2023-24,2025-26,Santiago Ignacio Bueno,Santiago Bueno; Santiago Ignacio Bueno,3
231747,2020-21,2025-26,Jean-Philippe Mateta,Jean-Philippe Mateta,6
231899,2024-25,2024-25,Jack Taylor,Jack Taylor,1
232112,2024-25,2025-26,Manuel Ugarte Ribeiro,Manuel Ugarte; Manuel Ugarte Ribeiro,2
232185,2019-20,2025-26,Ismaïla Sarr,Ismaïla Sarr; Ismaila Sarr,4
232223,2021-22,2023-24,Folarin Balogun,Folarin Balogun,2
232228,2024-25,2024-25,Harry Clarke,Harry Clarke,1
232229,2020-21,2021-22,Vontae Daley-Campbell,Vontae Daley-Campbell,2
232233,2019-20,2019-20,Tyreece John-Jules,Tyreece John-Jules,1
232241,2019-20,2022-23,Matthew Smith,Matthew Smith,2
232245,2021-22,2021-22,Zak Swanson,Zak Swanson,1
232247,2021-22,2022-23,Dominic Thompson,Dominic Thompson,2
232351,2018-19,2023-24,Ryan Giles,Ryan John Giles; Ryan Giles,4
232356,2025-26,2025-26,Jenson Jones,Jenson Jones,1
232361,2019-20,2020-21,Taylor Perry,Taylor Perry,2
232391,2019-20,2021-22,Jeremy Ngakia,Jeremy Ngakia,2
232398,2017-18,2020-21,Nathan Trott,Nathan Trott,2
232413,2020-21,2025-26,Eberechi Eze,Eberechi Eze,6
232423,2017-18,2022-23,Nathan Ferguson,Nathan Ferguson,4
232427,2016-17,2020-21,Rekeem Harper,Rekeem Harper,3
232456,2021-22,2021-22,Dilan Markanday,Dilan Markanday,1
232477,2023-24,2023-24,Elliot Thorpe,Elliot Thorpe,1
232571,2025-26,2025-26,Anthony Patterson,Anthony Patterson,1
232620,2021-22,2022-23,Lewis Brunt,Lewis Brunt,2
232653,2020-21,2025-26,Jacob Ramsey,Jacob Ramsey,6
232667,2019-20,2019-20,Akin Famewo,Akin Famewo,1
232787,2020-21,2025-26,Conor Gallagher,Conor Gallagher,6
232792,2019-20,2025-26,Tariq Lamptey,Tariq Lamptey,7
232797,2018-19,2020-21,Kayne Ramsay,Kayne Ramsay,3
232820,2025-26,2025-26,Joe Anderson,Joe Anderson,1
232826,2019-20,2025-26,Anthony Gordon,Anthony Gordon,7
232829,2020-21,2022-23,Kyle John,Kyle John,2
232859,2022-23,2025-26,Djed Spence,Djed Spence,4
232881,2020-21,2020-21,Thakgalo Leshabela,Thakgalo Leshabela,1
232892,2023-24,2025-26,Calvin Bassey,Calvin Bassey,3
232917,2018-19,2024-25,Arijanet Muric,Arijanet Muric,3
232928,2018-19,2025-26,James Garner,James Garner,7
232937,2019-20,2023-24,Brandon Williams,Brandon Williams,5
232957,2019-20,2019-20,Thomas Allan,Thomas Allan,1
232960,2018-19,2018-19,Lewis Cass,Lewis Cass,1
232964,2019-20,2019-20,Lewis Gibson,Lewis Gibson,1
232977,2018-19,2023-24,Kell Watts,Kelland Watts; Kell Watts,4
232979,2019-20,2019-20,Jack Young,Jack Young,1
232980,2019-20,2024-25,Max Aarons,Maximillian Aarons; Max Aarons,4
233420,2022-23,2022-23,Renan Augusto Lodi dos Santos,Renan Augusto Lodi dos Santos,1
233425,2019-20,2023-24,Aaron Connolly,Aaron Connolly,4
233489,2020-21,2020-21,Leighton Clarkson,Leighton Clarkson,1
233497,2018-19,2018-19,Adama Diakhaby,Adama Diakhaby,1
233821,2023-24,2023-24,Anel Ahmedhodžić,Anel Ahmedhodžić,1
233849,2019-20,2019-20,Archie Mair,Archie Mair,1
233963,2017-18,2025-26,Konstantinos Mavropanos,Konstantinos Mavropanos,7
234370,2022-23,2022-23,Marc Roca Junqué,Marc Roca Junqué,1
234483,2016-17,2017-18,Aiden O'Neill,Aiden O'Neill,2
234720,2019-20,2019-20,Giovanni McGregor,Giovanni McGregor,1
234908,2017-18,2020-21,Juan Foyth,Juan Foyth,4
235382,2019-20,2023-24,Steven Alzate,Steven Alzate,5
235448,2021-22,2025-26,Ellery Balcombe,Ellery Balcombe,4
235449,2022-23,2022-23,George Wickens,George Wickens,1
235530,2019-20,2024-25,Lloyd Kelly,Lloyd Kelly,4
235546,2021-22,2021-22,Jacob Sørensen,Jacob Sørensen,1
235599,2018-19,2019-20,Nikola Tavares,Nikola Tavares,2
235640,2020-21,2020-21,Harry Boyes,Harry Boyes,1
235674,2022-23,2025-26,Manor Solomon,Manor Solomon,4
235826,2025-26,2025-26,Joël Piroe,Joël Piroe,1
240143,2020-21,2022-23,Ibrahima Diallo,Ibrahima Diallo,3
240299,2022-23,2025-26,Joe Hodge,Joseph Hodge; Joe Hodge,4
2404,2016-17,2017-18,Michael Carrick,Michael Carrick,2
240499,2016-17,2016-17,Daniel Batty,Daniel Batty,1
240514,2021-22,2025-26,Kjell Scherpen,Kjell Scherpen,4
240796,2021-22,2021-22,Álvaro Fernández,Álvaro Fernández,1
241157,2021-22,2024-25,Emerson Leite de Souza Junior,Emerson Aparecido Leite de Souza Junior; Emerson Leite de Souza Junior,4
241231,2023-24,2025-26,Jordan Beyer,Jordan Beyer,2
241289,2018-19,2021-22,Ben Wilmot,Ben Wilmot,2
241519,2022-23,2022-23,Weston McKennie,Weston McKennie,1
241791,2018-19,2018-19,Ryan Schofield,Ryan Schofield,1
242058,2019-20,2021-22,Moise Kean,Moise Kean,3
242166,2018-19,2021-22,Mattéo Guendouzi,Matteo Guendouzi; Mattéo Guendouzi,4
242183,2021-22,2021-22,James Morris,James Morris,1
242453,2023-24,2023-24,Jacob Brown,Jacob Brown,1
242500,2023-24,2023-24,Joe Taylor,Joe Taylor,1
242510,2021-22,2021-22,Louie Moulden,Louie Moulden,1
242880,2022-23,2025-26,Benoît Badiashile Mukinayi,Benoît Badiashile; Benoît Badiashile Mukinayi,4
242882,2025-26,2025-26,Bafodé Diakité,Bafodé Diakité,1
242885,2022-23,2023-24,Loïc Mbe Soh,Loïc Mbe Soh,2
242898,2022-23,2025-26,Brennan Johnson,Brennan Johnson,4
243016,2019-20,2025-26,Alexis Mac Allister,Alexis Mac Allister,7
243298,2022-23,2025-26,Cody Gakpo,Cody Gakpo,4
243343,2020-21,2020-21,Jake Cain,Jake Cain,1
243345,2022-23,2025-26,Lewis O'Brien,Lewis O'Brien,4
243505,2020-21,2024-25,Jakub Moder,Jakub Moder,5
243526,2025-26,2025-26,Gabriel Gudmundsson,Gabriel Gudmundsson,1
243531,2016-17,2016-17,Andrew Eleftheriou,Andrew Eleftheriou,1
243532,2016-17,2023-24,Dion Pereira,Dion Pereira,2
243557,2023-24,2024-25,Moussa Diaby,Moussa Diaby,2
243568,2019-20,2024-25,Billy Gilmour,Billy Gilmour,6
243569,2021-22,2021-22,Adedapo Awokoya-Mebude,Adedapo Awokoya-Mebude,1
243571,2021-22,2025-26,Nathan Patterson,Nathan Patterson,5
243710,2019-20,2019-20,Bernardo Costa Da Rosa,Bernardo Costa Da Rosa,1
244042,2022-23,2025-26,Rodrigo Muniz Carvalho,Rodrigo Muniz Carvalho,4
244085,2022-23,2023-24,Siriki Dembélé,Siriki Dembélé,2
244262,2023-24,2023-24,Alfie Doughty,Alfie Doughty,1
244560,2021-22,2022-23,Romain Perraud,Romain Perraud,2
244619,2019-20,2024-25,Luke Thomas,Luke Thomas,6
244704,2022-23,2022-23,Matías Viña,Matías Viña,1
244716,2021-22,2021-22,Juan Camilo Hernández Suárez,Juan Camilo Hernández Suárez,1
244723,2019-20,2025-26,Tyrick Mitchell,Tyrick Mitchell,7
244731,2021-22,2025-26,Luis Díaz Marulanda,Luis Díaz; Luis Díaz Marulanda,5
244845,2024-25,2024-25,Nathan Wood-Gordon,Nathan Wood-Gordon,1
244848,2020-21,2020-21,Teddy Jenks,Teddy Jenks,1
244850,2023-24,2025-26,Morgan Rogers,Morgan Rogers,3
244851,2019-20,2025-26,Cole Palmer,Cole Palmer,7
244856,2020-21,2023-24,Teden Mengi,Teden Mengi,2
244858,2020-21,2025-26,Fábio Freitas Gouveia Carvalho,Fabio Carvalho; Fábio Freitas Gouveia Carvalho,4
244890,2021-22,2021-22,Joseph Hungbo,Joseph Hungbo,1
244930,2022-23,2024-25,Alex Mighten,Alex Mighten,3
244932,2022-23,2022-23,Ben Knight,Ben Knight,1
244954,2023-24,2025-26,Pau Torres,Pau Torres,3
245414,2023-24,2023-24,Nicolò Zaniolo,Nicolò Zaniolo,1
245419,2021-22,2024-25,Patson Daka,Patson Daka,3
245719,2019-20,2024-25,Taylor Harwood-Bellis,Taylor Harwood-Bellis,3
245824,2020-21,2024-25,Carlos Vinícius Alves Morais,Carlos Vinicius Alves Morais; Carlos Vinícius Alves Morais,4
245830,2023-24,2024-25,Josh Bowler,Josh Bowler,2
245923,2019-20,2024-25,Luke Cundle,Luke Cundle,6
246265,2024-25,2024-25,Corrie Ndaba,Corrie Ndaba,1
246301,2024-25,2025-26,Jorge Cuenca Barreno,Jorge Cuenca Barreno,2
246799,2022-23,2022-23,Jackson Smith,Jackson Smith,1
246878,2017-18,2018-19,Abdelhamid Sabiri,Abdelhamid Sabiri,2
247245,2023-24,2025-26,Hannes Delcroix,Hannes Delcroix,2
247286,2017-18,2017-18,Kyle Jameson,Kyle Jameson,1
247348,2023-24,2025-26,Daniel Muñoz Mejía,Daniel Muñoz; Daniel Muñoz Mejía,3
247412,2024-25,2025-26,Jørgen Strand Larsen,Jørgen Strand Larsen,2
247632,2019-20,2025-26,Pedro Lomba Neto,Pedro Lomba Neto,7
247664,2022-23,2022-23,Terry Ablade,Terry Ablade,1
247670,2025-26,2025-26,Valentín Castellanos,Valentín Castellanos,1
247693,2025-26,2025-26,Randal Kolo Muani,Randal Kolo Muani,1
247955,2025-26,2025-26,Lutsharel Geertruida,Lutsharel Geertruida,1
248056,2025-26,2025-26,Tanaka Ao,Tanaka Ao,1
248164,2021-22,2024-25,Viljami Sinisalo,Viljami Sinisalo,4
248853,2021-22,2021-22,Dynel Simeu,Dynel Simeu,1
248854,2023-24,2023-24,Josh Brooking,Josh Brooking,1
248857,2022-23,2025-26,Noni Madueke,Noni Madueke,4
248859,2023-24,2023-24,Amadou Diallo,Amadou Diallo,1
248865,2021-22,2022-23,Armstrong Oko-Flex,Armstrong Oko-Flex,2
248875,2023-24,2025-26,Jérémy Doku,Jérémy Doku,3
248937,2020-21,2025-26,Sam Greenwood,Sam Greenwood,4
249231,2022-23,2025-26,Keane Lewis-Potter,Keane Lewis-Potter,4
250199,2023-24,2025-26,Nicolás Domínguez,Nicolás Domínguez,3
250370,2020-21,2022-23,Nathan Bishop,Nathan Bishop,2
250604,2019-20,2021-22,Owen Otasowie,Owen Otasowie,3
250735,2023-24,2025-26,Darko Churlinov,Darko Churlinov,2
2513,2017-18,2017-18,Jamie Murphy,Jamie Murphy,1
26719,2016-17,2016-17,Rene Gilmartin,Rene Gilmartin,1
26901,2016-17,2018-19,Kevin Mirallas,Kevin Mirallas,3
26921,2016-17,2016-17,Arouna Koné,Arouna Koné,1
27334,2016-17,2017-18,Mathieu Debuchy,Mathieu Debuchy,2
27335,2018-19,2018-19,Stephan Lichtsteiner,Stephan Lichtsteiner,1
27341,2016-17,2017-18,Yohan Cabaye,Yohan Cabaye,2
27436,2019-20,2020-21,David McGoldrick,David McGoldrick,2
27462,2017-18,2017-18,Jesús Gámez Duarte,Jesús Gámez Duarte,1
27698,2018-19,2018-19,Matthew Connolly,Matthew Connolly,1
27707,2016-17,2016-17,Darron Gibson,Darron Gibson,1
27770,2019-20,2019-20,Birkir Bjarnason,Birkir Bjarnason,1
27789,2016-17,2021-22,Fernando Luiz Rosa,Fernando Luiz Rosa,6
28082,2019-20,2019-20,Ralf Fahrmann,Ralf Fahrmann,1
28147,2016-17,2018-19,Mohamed Diamé,Mohamed Diamé,3
28160,2016-17,2016-17,Mario Suárez,Mario Suárez,1
28244,2016-17,2016-17,George Boyd,George Boyd,1
28411,2022-23,2022-23,Keylor Navas,Keylor Navas,1
28448,2016-17,2016-17,Lee Cattermole,Lee Cattermole,1
28462,2017-18,2018-19,Sam Baldock,Sam Baldock,2
28468,2016-17,2016-17,Craig Gardner,Craig Gardner,1
28495,2016-17,2016-17,John Obi Mikel,John Obi Mikel,1
28541,2016-17,2016-17,Fraizer Campbell,Fraizer Campbell,1
28554,2016-17,2018-19,Samir Nasri,Samir Nasri,2
28593,2016-17,2016-17,Victor Anichebe,Victor Anichebe,1
28609,2017-18,2017-18,Adam Legzdins,Adam Legzdins,1
28654,2016-17,2017-18,Martin Olsson,Martin Olsson,2
28690,2020-21,2021-22,Pablo Hernández Domínguez,Pablo Hernández Domínguez,2
3201,2016-17,2017-18,Stuart Taylor,Stuart Taylor,2
32259,2016-17,2023-24,Darren Randolph,Darren Randolph,7
32318,2016-17,2016-17,Marc Wilson,Marc Wilson,1
33148,2016-17,2020-21,Claudio Bravo,Claudio Bravo,5
33871,2016-17,2018-19,Ragnar Klavan,Ragnar Klavan,3
34654,2016-17,2016-17,Lukas Jutkiewicz,Lukas Jutkiewicz,1
36903,2020-21,2020-21,Gareth Bale,Gareth Bale,1
37002,2016-17,2016-17,Rouwen Hennings,Rouwen Hennings,1
37096,2016-17,2025-26,Lukasz Fabianski,Lukasz Fabianski; Łukasz Fabiański,10
37265,2016-17,2019-20,Alexis Sánchez,Alexis Sánchez,4
37339,2016-17,2020-21,Ahmed El Mohamady,Ahmed Elmohamady; Ahmed El Mohamady,3
3736,2016-17,2016-17,John O'Shea,John O'Shea,1
37388,2016-17,2016-17,Marcin Wasilewski,Marcin Wasilewski,1
37402,2016-17,2020-21,Christian Fuchs,Christian Fuchs,5
37572,2016-17,2020-21,Sergio Agüero,Sergio Agüero,5
37605,2016-17,2020-21,Mesut Özil,Mesut Özil,5
37614,2019-20,2019-20,Mario Vrancic,Mario Vrancic,1
37642,2016-17,2024-25,Jonny Evans,Jonny Evans,9
3773,2016-17,2018-19,Peter Crouch,Peter Crouch,3
37742,2016-17,2018-19,Younes Kaboul,Younes Kaboul,3
37748,2016-17,2016-17,Bacary Sagna,Bacary Sagna,1
37869,2016-17,2017-18,Ryan Shawcross,Ryan Shawcross,2
37901,2016-17,2016-17,Dimitri Payet,Dimitri Payet,1
37915,2016-17,2023-24,Hugo Lloris,Hugo Lloris,8
37998,2016-17,2016-17,Bafétimbi Gomis,Bafétimbi Gomis,1
38038,2016-17,2018-19,Ben Hamer,Ben Hamer,3
38290,2016-17,2021-22,Danny Rose,Danny Rose,6
38411,2016-17,2019-20,Nacho Monreal,Nacho Monreal,4
38419,2016-17,2016-17,Loïc Remy,Loïc Remy,1
38439,2016-17,2019-20,Etienne Capoue,Etienne Capoue,4
38454,2016-17,2019-20,Dejan Lovren,Dejan Lovren,4
38490,2017-18,2019-20,Beram Kayal,Beram Kayal,3
38499,2017-18,2018-19,Tomer Hemed,Tomer Hemed,2
38533,2018-19,2021-22,Rui Pedro dos Santos Patrício,Rui Pedro dos Santos Patrício,4
38580,2016-17,2017-18,Jose Fonte,Jose Fonte,2
38588,2020-21,2020-21,Gaetano Berardi,Gaetano Berardi,1
38716,2018-19,2020-21,Lee Peltier,Lee Peltier,2
39104,2016-17,2018-19,Mousa Dembélé,Mousa Dembélé,3
39155,2016-17,2024-25,Adam Lallana,Adam Lallana,9
39158,2016-17,2017-18,Scott Arfield,Scott Arfield,2
39167,2016-17,2016-17,Andrea Ranocchia,Andrea Ranocchia,1
39187,2016-17,2016-17,Jeremain Lens,Jeremain Lens,1
39194,2016-17,2019-20,Jan Vertonghen,Jan Vertonghen,4
39215,2016-17,2019-20,Michel Vorm,Michel Vorm,4
39253,2016-17,2016-17,Jonas Olsson,Jonas Olsson,1
39270,2016-17,2016-17,Marvin Emnes,Marvin Emnes,1
39472,2016-17,2016-17,Dieumerci Mbokani,Dieumerci Mbokani,1
39476,2018-19,2020-21,Sokratis Papastathopoulos,Sokratis Papastathopoulos,3
39487,2016-17,2021-22,Erik Pieters,Erik Pieters,5
39725,2017-18,2018-19,Anders Lindegaard,Anders Lindegaard,2
39790,2020-21,2021-22,Francisco Casilla Cortés,Francisco Casilla Cortés,2
39847,2016-17,2019-20,Steven Defour,Steven Defour,4
40002,2016-17,2019-20,Matteo Darmian,Matteo Darmian,4
40142,2016-17,2020-21,Andy Carroll,Andy Carroll,5
40145,2016-17,2023-24,Jack Cork,Jack Cork,7
40146,2016-17,2022-23,Ryan Bertrand,Ryan Bertrand,7
40202,2016-17,2016-17,George Friend,George Friend,1
40232,2018-19,2018-19,Gonzalo Higuaín,Gonzalo Higuaín,1
40276,2016-17,2017-18,Bojan Krkic Perez,Bojan Krkic; Bojan Krkic Perez,2
40346,2017-18,2017-18,Erwin Mulder,Erwin Mulder,1
40349,2016-17,2024-25,Asmir Begovic,Asmir Begovic; Asmir Begović,7
40383,2016-17,2025-26,Fraser Forster,Fraser Forster,10
40386,2019-20,2023-24,Chris Basham,Chris Basham,3
40387,2016-17,2021-22,Dan Gosling,Dan Gosling,5
40399,2016-17,2018-19,Sam Vokes,Sam Vokes,3
40451,2018-19,2018-19,Anthony Pilkington,Anthony Pilkington,1
40555,2016-17,2017-18,Joe Allen,Joe Allen,2
40559,2018-19,2020-21,Fabricio Agosto Ramírez,Fabricio Agosto Ramírez,2
40564,2019-20,2020-21,Henri Lansbury,Henri Lansbury,2
40616,2016-17,2018-19,Stephen Ward,Stephen Ward,3
40669,2016-17,2023-24,Angelo Ogbonna,Angelo Ogbonna,8
40694,2019-20,2020-21,Roberto Jimenez Gago,Roberto Jimenez Gago,2
40720,2020-21,2021-22,Edinson Cavani,Edinson Cavani,2
40725,2016-17,2018-19,Danny Simpson,Danny Simpson,3
40755,2016-17,2018-19,Daniel Sturridge,Daniel Sturridge,3
40772,2016-17,2016-17,Gökhan Inler,Gökhan Inler,1
40784,2016-17,2020-21,Mamadou Sakho,Mamadou Sakho,5
40833,2016-17,2017-18,Jérémy Pied,Jérémy Pied,2
40836,2018-19,2023-24,Vicente Guaita,Vicente Guaita,6
40845,2017-18,2021-22,Dale Stephens,Dale Stephens,5
40868,2016-17,2019-20,José Holebas,José Holebas,4
41135,2016-17,2020-21,Branislav Ivanovic,Branislav Ivanovic,2
41184,2016-17,2018-19,Marouane Fellaini,Marouane Fellaini,3
41251,2016-17,2017-18,Eduardo dos Reis Carvalho,Eduardo Dos Reis Carvalho; Eduardo dos Reis Carvalho,2
41270,2016-17,2020-21,David Luiz Moreira Marinho,David Luiz Moreira Marinho,5
41320,2016-17,2019-20,Charlie Daniels,Charlie Daniels,4
41321,2016-17,2018-19,Yohan Benalouane,Yohan Benalouane,3
41328,2016-17,2023-24,César Azpilicueta,César Azpilicueta,8
41338,2016-17,2021-22,Craig Cathcart,Craig Cathcart,5
41464,2016-17,2019-20,Marko Arnautovic,Marko Arnautovic,4
41674,2016-17,2021-22,Kevin Long,Kevin Long,6
41705,2016-17,2016-17,Bradley Guzan,Bradley Guzan,1
41725,2016-17,2021-22,Troy Deeney,Troy Deeney,5
41727,2018-19,2020-21,Ryan Bennett,Ryan Bennett,3
41733,2016-17,2020-21,Georginio Wijnaldum,Georginio Wijnaldum,5
41792,2016-17,2018-19,Aaron Ramsey,Aaron Ramsey,3
41823,2016-17,2021-22,Fabian Delph,Fabian Delph,6
41926,2016-17,2016-17,Almen Abdi,Almen Abdi,1
41945,2016-17,2019-20,Sebastian Prödl,Sebastian Prödl,4
420922,2021-22,2021-22,Jan Zamburek,Jan Zamburek,1
421796,2020-21,2020-21,Sidnei Tavares,Sidnei Tavares,1
422287,2022-23,2022-23,Kofi Balmer,Kofi Balmer,1
422303,2023-24,2023-24,John McAtee,John McAtee,1
422306,2019-20,2020-21,Will Ferry,Will Ferry,2
422612,2020-21,2020-21,Ryan Astley,Ryan Astley,1
423649,2021-22,2022-23,Enock Mwepu,Enock Mwepu,2
424001,2023-24,2023-24,Vini de Souza Costa,Vini de Souza Costa,1
424044,2022-23,2025-26,Hamed Traorè,Hamed Traorè,4
42427,2016-17,2020-21,Kieran Gibbs,Kieran Gibbs,3
424876,2023-24,2025-26,Dominik Szoboszlai,Dominik Szoboszlai,3
42493,2016-17,2016-17,Mario Balotelli,Mario Balotelli,1
42525,2019-20,2020-21,Stephen Henderson,Stephen Henderson,2
42564,2017-18,2017-18,Eric Maxim Choupo-Moting,Eric Maxim Choupo-Moting,1
42583,2016-17,2016-17,Sébastien Pocognoli,Sébastien Pocognoli,1
42593,2016-17,2017-18,Aleksandar Kolarov,Aleksandar Kolarov,2
42727,2017-18,2017-18,Yoan Gouffran,Yoan Gouffran,1
42738,2016-17,2016-17,Juan Zuñiga,Juan Zuñiga,1
427420,2023-24,2023-24,Giovanni Reyna,Giovanni Reyna,1
42748,2017-18,2019-20,Gaëtan Bong,Gaëtan Bong,3
427623,2022-23,2025-26,Chris Richards,Chris Richards,4
427637,2022-23,2025-26,Brenden Aaronson,Brenden Aaronson,2
42774,2016-17,2019-20,Morgan Schneiderlin,Morgan Schneiderlin,4
42786,2016-17,2018-19,Eden Hazard,Eden Hazard,3
42824,2018-19,2019-20,Carlos Sánchez,Carlos Sánchez,2
428399,2022-23,2024-25,João Félix Sequeira,João Félix Sequeira,2
428580,2021-22,2025-26,Frank Onyeka,Frank Onyeka,5
428610,2019-20,2023-24,Bruno Cavaco Jordão,Bruno André Cavaco Jordao; Bruno André Cavaco Jordão; Bruno Cavaco Jordão,4
428626,2021-22,2021-22,Przemyslaw Placheta,Przemyslaw Placheta,1
42892,2016-17,2016-17,Álvaro Negredo,Álvaro Negredo,1
428971,2023-24,2025-26,Steven Benda,Steven Benda,3
42899,2016-17,2020-21,Sergio Romero,Sergio Romero,5
429414,2022-23,2025-26,Saša Kalajdžić,Sasa Kalajdzic; Saša Kalajdžić,4
42996,2016-17,2017-18,Angel Rangel,Angel Rangel,2
43020,2017-18,2019-20,Javier Hernández Balcázar,Javier Hernández Balcázar,3
430367,2019-20,2020-21,Joel Mumbongo,Joel Mumbongo,2
430871,2022-23,2025-26,Matheus Santos Carneiro da Cunha,Matheus Santos Carneiro Da Cunha; Matheus Santos Carneiro da Cunha,4
430992,2021-22,2023-24,Owen Beck,Owen Beck,2
431019,2020-21,2020-21,Karlo Ziger,Karlo Ziger,1
431131,2019-20,2022-23,Moussa Djenepo,Moussa Djenepo,4
431248,2025-26,2025-26,Ladislav Krejcí,Ladislav Krejcí,1
431639,2025-26,2025-26,Zian Flemming,Zian Flemming,1
431774,2017-18,2018-19,Kyle Taylor,Kyle Taylor,2
43191,2016-17,2017-18,Leiva Lucas,Leiva Lucas,2
431924,2019-20,2019-20,Daniel Adshead,Daniel Adshead,1
431960,2023-24,2023-24,Bendegúz Bolla,Bendegúz Bolla,1
432160,2021-22,2023-24,Shandon Baptiste,Shandon Baptiste,3
432422,2023-24,2025-26,Sandro Tonali,Sandro Tonali,3
43250,2016-17,2021-22,Tom Cleverley,Tom Cleverley,5
43252,2016-17,2019-20,James Chester,James Chester,2
432656,2019-20,2020-21,Eric Garcia,Eric Garcia,2
432705,2017-18,2019-20,James Daly,James Daly,2
432711,2021-22,2023-24,CJ Egan-Riley,Conrad Egan-Riley; CJ Egan-Riley,2
432712,2023-24,2023-24,Owen Hesketh,Owen Hesketh,1
432714,2021-22,2025-26,James McAtee,James McAtee,5
432720,2020-21,2025-26,James Trafford,James Trafford,3
432735,2019-20,2021-22,Adam Idah,Adam Idah,2
432793,2018-19,2019-20,Abd-Al-Ali Morakinyo Olaposi Koiki,Abd-Al-Ali Morakinyo Olaposi Koiki,2
432830,2021-22,2025-26,Nathan Collins,Nathan Collins,5
432927,2020-21,2020-21,Daniel Langley,Daniel Langley,1
432931,2020-21,2023-24,Tyrese Francois,Tyrese Francois,3
432987,2024-25,2024-25,Vítezslav Jaros,Vítezslav Jaros,1
432990,2023-24,2023-24,Yasser Larouci,Yasser Larouci,1
433019,2020-21,2020-21,Liam Hughes,Liam Hughes,1
433036,2025-26,2025-26,Tijjani Reijnders,Tijjani Reijnders,1
433138,2021-22,2021-22,Marc Leonard,Marc Leonard,1
433154,2017-18,2025-26,Dwight McNeil,Dwight McNeil,9
433312,2024-25,2025-26,Marshall Munetsi,Marshall Munetsi,2
433589,2021-22,2022-23,Haydon Roberts,Haydon Roberts,2
433590,2020-21,2022-23,Cody Drameh,Cody Drameh,3
433952,2025-26,2025-26,Largie Ramazani,Largie Ramazani,1
433979,2021-22,2024-25,Cameron Archer,Cameron Archer,4
434024,2021-22,2021-22,Patrik Gunnarsson,Patrik Gunnarsson,1
434043,2022-23,2022-23,Alex Robertson,Alex Robertson,1
434044,2021-22,2024-25,Cieran Slicker,Cieran Slicker,2
434138,2020-21,2020-21,Jordan Stevens,Jordan Stevens,1
434399,2025-26,2025-26,Reinildo Mandava,Reinildo Mandava,1
434662,2021-22,2023-24,Halil Dervişoğlu,Halil Dervişoğlu,3
434752,2025-26,2025-26,Jaka Bijol,Jaka Bijol,1
43521,2017-18,2017-18,Henri Saivet,Henri Saivet,1
435973,2023-24,2025-26,Lyle Foster,Lyle Foster,2
435997,2025-26,2025-26,Noah Okafor,Noah Okafor,1
436234,2021-22,2025-26,Bryan Gil Salvatierra,Bryan Gil Salvatierra,5
43626,2016-17,2018-19,Håvard Nordtveit,Håvard Nordtveit,2
436416,2025-26,2025-26,Christos Mandas,Christos Mandas,1
436680,2024-25,2024-25,Jakub Stolarczyk,Jakub Stolarczyk,1
43670,2016-17,2021-22,Juan Mata,Juan Mata,6
436893,2024-25,2025-26,Julián Araujo Zúñiga,Julián Araujo Zúñiga,2
43693,2016-17,2016-17,Martín Cáceres,Martín Cáceres,1
437468,2022-23,2023-24,Sergio Gómez,Sergio Gómez,2
437476,2022-23,2023-24,Braian Ojeda Rodríguez,Braian Ojeda Rodríguez,2
437495,2020-21,2025-26,Illan Meslier,Illan Meslier,4
437499,2024-25,2025-26,Maxence Lacroix,Maxence Lacroix,2
437505,2025-26,2025-26,Wilson Isidor,Wilson Isidor,1
437626,2021-22,2023-24,Nuno Varela Tavares,Nuno Varela Tavares,3
437688,2020-21,2020-21,Lewis Richards,Lewis Richards,1
437730,2022-23,2025-26,Antoine Semenyo,Antoine Semenyo,4
437738,2025-26,2025-26,Sebastiaan Bornauw,Sebastiaan Bornauw,1
437742,2021-22,2025-26,Albert Sambi Lokonga,Albert Sambi Lokonga,4
437748,2023-24,2025-26,Mike Trésor Ndayishimiye,Mike Trésor; Mike Trésor Ndayishimiye,2
437753,2022-23,2023-24,Giulian Biancone,Giulian Biancone,2
437757,2023-24,2023-24,Han-Noah Massengo,Han-Noah Massengo,1
437858,2020-21,2020-21,Vitor Ferreira,Vitor Ferreira,1
43808,2017-18,2018-19,Markus Suttner,Markus Suttner,2
438098,2022-23,2025-26,Fábio Ferreira Vieira,Fábio Ferreira Vieira,4
438234,2024-25,2025-26,Omar Marmoush,Omar Marmoush,2
438277,2020-21,2021-22,Ozan Kabak,Ozan Kabak,2
438405,2023-24,2023-24,Billy Crellin,Billy Crellin,1
438464,2022-23,2025-26,Cheick Doucouré,Cheick Doucouré,4
439135,2024-25,2025-26,Eiran Cashin,Eiran Cashin,2
439242,2020-21,2020-21,Taylor Gardner-Hickman,Taylor Gardner-Hickman,1
439482,2020-21,2021-22,Miguel Azeez,Miguel Azeez,2
439483,2024-25,2024-25,Hubert Graczyk,Hubert Graczyk,1
439485,2019-20,2021-22,Josh Martin,Josh Martin,2
439509,2021-22,2021-22,Christos Tzolis,Christos Tzolis,1
439510,2020-21,2022-23,Luke Mbete-Tabu,Luke Mbete; Luke Mbete-Tabu,3
440089,2022-23,2025-26,Mikkel Damsgaard,Mikkel Damsgaard,4
440113,2018-19,2018-19,Aaron Rowe,Aaron Rowe,1
440120,2021-22,2021-22,Daniel Chesters,Daniel Chesters,1
440123,2022-23,2022-23,James Furlong,James Furlong,1
440148,2021-22,2025-26,Tyler Morton,Tyler Morton,3
440241,2020-21,2020-21,Jensen Weir,Jensen Weir,1
440323,2019-20,2025-26,Armando Broja,Armando Broja,6
440854,2022-23,2025-26,Jakub Kiwior,Jakub Kiwior,4
440955,2025-26,2025-26,Nazarii Rusyn,Nazarii Rusyn,1
440993,2020-21,2025-26,Iliman Ndiaye,Iliman Ndiaye,4
441024,2021-22,2025-26,Harrison Ashby,Harrison Ashby,4
441164,2022-23,2025-26,Pedro Porro Sauceda,Pedro Porro; Pedro Porro Sauceda,4
441191,2020-21,2025-26,Tino Livramento,Valentino Livramento; Tino Livramento,6
441192,2021-22,2025-26,Jeremy Sarmiento Morante,Jeremy Sarmiento; Jeremy Sarmiento Morante,5
441240,2023-24,2025-26,Romain Faivre,Romain Faivre,3
441264,2025-26,2025-26,Brian Brobbey,Brian Brobbey,1
441266,2023-24,2025-26,Ryan Gravenberch,Ryan Gravenberch,3
441271,2019-20,2025-26,Ki-Jana Hoever,Ki-Jana Hoever,6
441302,2023-24,2025-26,Ian Maatsen,Ian Maatsen,3
441428,2021-22,2024-25,Jarell Quansah,Jarell Quansah,3
441455,2023-24,2023-24,Victor da Silva,Victor da Silva,1
442229,2020-21,2023-24,Michał Karbownik,Michal Karbownik; Michał Karbownik,3
442335,2021-22,2021-22,Edo Kayembe,Edo Kayembe,1
44302,2016-17,2016-17,Adlène Guédioura,Adlène Guédioura,1
443211,2023-24,2023-24,Rhys Norrington-Davies,Rhys Norrington-Davies,1
443261,2024-25,2024-25,Jack Clarke,Jack Clarke,1
443296,2020-21,2020-21,Theo Corbeanu,Theo Corbeanu,1
44336,2016-17,2017-18,Sofiane Feghouli,Sofiane Feghouli,2
44343,2016-17,2018-19,Bakary Sako,Bakary Sako,3
44346,2016-17,2021-22,Olivier Giroud,Olivier Giroud,6
443629,2021-22,2023-24,Marcelo de Araújo Pitaluga Filho,Marcelo de Araújo Pitaluga Filho,2
443661,2021-22,2023-24,Michael Olise,Michael Olise,3
443967,2021-22,2022-23,Junior Firpo Adames,Héctor Junior Firpo Adames; Junior Firpo Adames,2
444102,2024-25,2025-26,Francisco Evanilson de Lima Barbosa,Francisco Evanilson de Lima Barbosa,2
44413,2016-17,2016-17,Steve Mandanda,Steve Mandanda,1
444145,2019-20,2025-26,Gabriel Martinelli Silva,Gabriel Teodoro Martinelli Silva; Gabriel Martinelli Silva,7
444172,2022-23,2025-26,Will Dennis,Will Dennis,3
444180,2022-23,2025-26,Jaidon Anthony,Jaidon Anthony,4
444181,2018-19,2018-19,Nnamdi Ofoborh,Nnamdi Ofoborh,1
444183,2019-20,2023-24,Gavin Kilkenny,Gavin Kilkenny,2
444253,2019-20,2019-20,Jordan Thomas,Jordan Thomas,1
444463,2020-21,2025-26,Wesley Fofana,Wesley Fofana,6
444575,2020-21,2020-21,Toby King,Toby King,1
444765,2022-23,2025-26,Sepp van den Berg,Sepp van den Berg,4
444880,2021-22,2021-22,Mika Biereth,Mika Biereth,1
444884,2018-19,2025-26,Harvey Elliott,Harvey Elliott,8
445044,2021-22,2025-26,Dejan Kulusevski,Dejan Kulusevski,5
445122,2023-24,2025-26,Jurriën Timber,Jurriën Timber,3
445548,2021-22,2024-25,Odeluga Offiah,Odeluga Offiah,4
445550,2021-22,2021-22,Thomas Dickson-Peters,Thomas Dickson-Peters,1
445896,2020-21,2021-22,Kgaogelo Chauke,Kgaogelo Chauke,2
446008,2021-22,2025-26,Bryan Mbeumo,Bryan Mbeumo,5
44604,2016-17,2017-18,Nordin Amrabat,Nordin Amrabat,2
446189,2022-23,2022-23,Matej Kovár,Matej Kovár,1
446281,2021-22,2021-22,Tony Springett,Tony Springett,1
44683,2016-17,2023-24,Jay Rodriguez,Jay Rodriguez,6
44699,2016-17,2025-26,Ashley Barnes,Ashley Barnes,7
447093,2020-21,2020-21,Allan Tchaptchet,Allan Tchaptchet,1
447107,2022-23,2022-23,Ethan Wady,Ethan Wady,1
447203,2022-23,2025-26,Darwin Núñez Ribeiro,Darwin Núñez Ribeiro,4
447235,2019-20,2022-23,Troy Parrott,Troy Parrott,2
447261,2023-24,2023-24,Mackenzie Hunt,Mackenzie Hunt,1
447325,2020-21,2025-26,Harry Tyrer,Harry Tyrer,3
447372,2020-21,2022-23,Ryan Finnigan,Ryan Finnigan,2
447373,2020-21,2020-21,Shane Flynn,Shane Flynn,1
447715,2021-22,2025-26,Aaron Ramsey,Aaron Ramsey,3
447720,2022-23,2024-25,Imari Samuels,Imari Samuels,2
447879,2019-20,2023-24,Joseph Anang,Joseph Anang,3
447880,2021-22,2024-25,Josh Wilson-Esbrand,Joshua Wilson-Esbrand; Josh Wilson-Esbrand,3
447932,2022-23,2022-23,Jordan Zemura,Jordan Zemura,1
448047,2022-23,2025-26,Enzo Fernández,Enzo Fernández,4
448089,2022-23,2025-26,João Victor Gomes da Silva,João Victor Gomes da Silva,4
448104,2025-26,2025-26,Piero Hincapié,Piero Hincapié,1
448482,2021-22,2021-22,Robert Street,Robert Street,1
448487,2020-21,2021-22,Andreas Söndergaard,Andreas Söndergaard,2
448496,2021-22,2022-23,Ed Turns,Ed Turns,2
448514,2020-21,2025-26,Rayan Aït-Nouri,Rayan Ait Nouri; Rayan Aït-Nouri,6
448791,2019-20,2022-23,Harvey White,Harvey White,3
449027,2025-26,2025-26,Giorgi Mamardashvili,Giorgi Mamardashvili,1
449133,2022-23,2023-24,Harvey Griffiths,Harvey Griffiths,2
449429,2024-25,2024-25,Jacob Greaves,Jacob Greaves,1
449434,2020-21,2025-26,Anthony Elanga,Anthony Elanga,6
449444,2021-22,2021-22,Mazeed Ogungbo,Mazeed Ogungbo,1
449781,2019-20,2020-21,Alexandre Jankewitz,Alexandre Jankewitz,2
449871,2022-23,2025-26,Amadou Onana,Amadou Onana,4
449926,2020-21,2020-21,Adrián Bernabé,Adrián Bernabé,1
449974,2019-20,2019-20,Lukas Jensen,Lukas Jensen,1
449988,2020-21,2025-26,Fábio Soares Silva,Fabio Silva; Fábio Silva; Fábio Soares Silva,6
450070,2020-21,2025-26,Crysencio Summerville,Crysencio Summerville,5
450072,2025-26,2025-26,Shurandy Sambo,Shurandy Sambo,1
450197,2022-23,2023-24,George Shelvey,George Shelvey,2
450314,2018-19,2018-19,Matthew Daly,Matthew Daly,1
45034,2022-23,2023-24,Ivan Perišić,Ivan Perišić,2
450434,2022-23,2024-25,Deniz Undav,Deniz Undav,3
450527,2020-21,2022-23,Mohammed Salisu,Mohammed Salisu,3
450529,2019-20,2022-23,Lewis Bate,Lewis Bate,3
450535,2022-23,2025-26,Malcolm Ebiowei,Malcolm Ebiowei,4
450539,2021-22,2025-26,Myles Peart-Harris,Myles Peart-Harris,4
450541,2022-23,2023-24,Luke Plange,Luke Plange,2
450542,2020-21,2025-26,Jesurun Rak-Sakyi,Jesurun Rak-Sakyi,6
450544,2021-22,2021-22,Charlie Patino,Charlie Patino,1
450550,2021-22,2022-23,Fin Stevens,Finley Stevens; Fin Stevens,2
450553,2021-22,2021-22,Alex Kirk,Alex Kirk,1
45076,2016-17,2016-17,Lamine Koné,Lamine Koné,1
45124,2016-17,2022-23,André Ayew,André Ayew,3
451302,2023-24,2025-26,Altay Bayındır,Altay Bayindir; Altay Bayındır,3
451310,2021-22,2021-22,Jonathan Tomkinson,Jonathan Tomkinson,1
451340,2022-23,2025-26,Mitoma Kaoru,Kaoru Mitoma; Mitoma Kaoru,4
451432,2025-26,2025-26,David Mota Veiga Teixeira do Carmo,David Mota Veiga Teixeira do Carmo,1
45196,2018-19,2018-19,Gary Madine,Gary Madine,1
45220,2018-19,2022-23,Alex Smithies,Alex Smithies,2
45268,2016-17,2021-22,Moussa Sissoko,Moussa Sissoko,6
453537,2023-24,2023-24,Carlos Mendes Gomes,Carlos Mendes Gomes,1
454667,2024-25,2024-25,Jens Cajuste,Jens Cajuste,1
455084,2020-21,2024-25,Leif Davis,Leif Davis,2
456350,2022-23,2024-25,Gavin Bazunu,Gavin Bazunu,2
456512,2025-26,2025-26,Dan Ndoye,Dan Ndoye,1
456966,2020-21,2020-21,Caleb Watts,Caleb Watts,1
457569,2023-24,2025-26,Đorđe Petrović,Đorđe Petrović,3
458249,2024-25,2025-26,Joshua Zirkzee,Joshua Zirkzee,2
458297,2021-22,2025-26,Pierre Ekwah Elimby,Pierre Ekwah; Pierre Ekwah Elimby,2
459373,2019-20,2019-20,Gonçalo Bento Soares Cardoso,Gonçalo Bento Soares Cardoso,1
460028,2022-23,2025-26,Levi Samuels Colwill,Levi Colwill; Levi Samuels Colwill,4
460029,2021-22,2021-22,Nathan Young-Coombes,Nathan Young-Coombes,1
460842,2023-24,2025-26,Mohammed Kudus,Mohammed Kudus,3
461012,2022-23,2022-23,Cameron Plain,Cameron Plain,1
461013,2022-23,2022-23,Euan Pollock,Euan Pollock,1
461017,2019-20,2022-23,Christian Saydee,Christian Saydee,2
461023,2021-22,2021-22,Ryan Alebiosu,Ryan Alebiosu,1
461025,2022-23,2024-25,Nathan Butler-Oyedeji,Nathan Butler-Oyedeji,2
461026,2021-22,2022-23,Chem Campbell,Chem Campbell,2
461080,2021-22,2021-22,Joseph McGlynn,Joseph McGlynn,1
461096,2020-21,2021-22,Lewis Richardson,Lewis Richardson,2
461102,2019-20,2023-24,Bobby Thomas,Bobby Thomas,4
461188,2022-23,2025-26,Bashir Humphreys,Bashir Humphreys,3
461195,2019-20,2025-26,Dennis Cirkin,Dennis Cirkin,2
461199,2022-23,2025-26,Romaine Mundle,Romaine Mundle,2
461201,2021-22,2022-23,Matthew Craig,Matthew Craig,2
461212,2020-21,2020-21,Nile John,Nile John,1
461358,2022-23,2024-25,Julián Álvarez,Julián Álvarez,3
461382,2019-20,2023-24,John-Kymani Gordon,John-Kymani Gordon,3
461416,2022-23,2024-25,Tom Cannon,Thomas Cannon; Tom Cannon,3
461421,2021-22,2025-26,Lewis Dobbin,Lewis Dobbin,4
461446,2020-21,2025-26,Tyler Onyango,Tyler Onyango,4
461450,2019-20,2020-21,Max Thompson,Max Thompson,2
461453,2022-23,2023-24,Lewis Warrington,Lewis Warrington,2
461484,2021-22,2025-26,Joe White,Joe White,4
461508,2021-22,2021-22,Lucas De Bolle,Lucas De Bolle,1
461529,2021-22,2021-22,Charlie Savage,Charlie Savage,1
461533,2020-21,2020-21,Ademipo Odubeko,Ademipo Odubeko,1
461537,2023-24,2025-26,Dermot Mee,Dermot Mee,3
461548,2022-23,2022-23,Zidane Iqbal,Zidane Iqbal,1
461558,2021-22,2021-22,Maxwell Haygarth,Maxwell Haygarth,1
461566,2020-21,2020-21,William Fish,William Fish,1
461567,2021-22,2025-26,Owen Dodgson,Owen Dodgson,3
461584,2022-23,2024-25,Wanya Marçal-Madivádua,Wanya Marçal-Madivadua; Wanya Marçal-Madivádua,2
461585,2020-21,2020-21,Tawanda Maswanhise,Tawanda Maswanhise,1
461587,2021-22,2024-25,Kasey McAteer,Kasey McAteer,3
461682,2023-24,2023-24,Brandon Aguilera Zamora,Brandon Aguilera Zamora,1
462116,2024-25,2025-26,Jean-Clair Todibo,Jean-Clair Todibo,2
462381,2021-22,2025-26,Filip Marschall,Filip Marschall,5
462384,2020-21,2021-22,Jamal Baptiste,Jamal Baptiste,2
462387,2024-25,2024-25,Ali Al-Hamadi,Ali Al-Hamadi,1
462424,2020-21,2025-26,William Saliba,William Saliba,6
462438,2023-24,2023-24,Micah Hamilton,Micah Hamilton,1
462491,2022-23,2023-24,Luke Chambers,Luke Chambers,2
462492,2023-24,2025-26,Joe Gauci,Joe Gauci,3
462635,2020-21,2025-26,Joe Gelhardt,Joe Gelhardt,4
462831,2021-22,2021-22,Scott Banks,Scott Banks,1
463034,2020-21,2025-26,Liam Delap,Liam Delap,5
463067,2022-23,2025-26,Georginio Rutter,Georginio Rutter,3
463210,2022-23,2024-25,Shea Charles,Shea Charles,3
463212,2024-25,2024-25,Carlos Roberto Forbs Borges,Carlos Roberto Forbs Borges,1
463748,2021-22,2025-26,Karl Hein,Karl Hein,5
463903,2024-25,2024-25,Jesper Lindstrøm,Jesper Lindstrøm,1
463912,2020-21,2020-21,Elia Caprile,Elia Caprile,1
463936,2025-26,2025-26,Jamie Bynoe-Gittens,Jamie Bynoe-Gittens,1
463981,2022-23,2025-26,James Hill,James Hill,4
464353,2022-23,2024-25,Harvey Davies,Harvey Davies,2
464618,2021-22,2021-22,Liam McCarron,Liam McCarron,1
46483,2017-18,2020-21,Adrien Silva,Adrien Sebastian Perruchet Silva; Adrien Silva,3
465247,2025-26,2025-26,Senne Lammens,Senne Lammens,1
465299,2020-21,2021-22,Anthony Mancini,Anthony Mancini,2
465351,2022-23,2025-26,Matheus Nunes,Matheus Luiz Nunes; Matheus Nunes,4
465390,2020-21,2024-25,Kaine Kesler-Hayden,Kaine Hayden; Kaine Kesler-Hayden,4
465527,2020-21,2025-26,Hannibal Mejbri,Hannibal Mejbri,5
465551,2020-21,2020-21,Nigel Lonwijk,Nigel Lonwijk,1
465572,2020-21,2020-21,Reda Khadra,Reda Khadra,1
465607,2023-24,2023-24,Anssumane Fati Vieira,Anssumane Fati Vieira,1
465642,2025-26,2025-26,Malick Thiaw,Malick Thiaw,1
465680,2025-26,2025-26,Arnaud Kalimuendo,Arnaud Kalimuendo,1
465694,2024-25,2025-26,Nico González Iglesias,Nico González; Nico González Iglesias,2
465702,2025-26,2025-26,Timothée Pembélé,Timothée Pembélé,1
465730,2025-26,2025-26,Maxim De Cuyper,Maxim De Cuyper,1
465920,2022-23,2025-26,Mykhailo Mudryk,Mykhailo Mudryk,4
466052,2025-26,2025-26,Rayan Cherki,Rayan Cherki,1
466075,2024-25,2025-26,Riccardo Calafiori,Riccardo Calafiori,2
466117,2022-23,2025-26,Naouirou Ahamada,Naouirou Ahamada,4
466404,2021-22,2024-25,Andrew Omobamidele,Andrew Omobamidele,3
466525,2025-26,2025-26,Anton Stach,Anton Stach,1
46695,2016-17,2016-17,Ritchie de Laet,Ritchie de Laet,1
466955,2019-20,2020-21,Brandon Pierrick,Brandon Pierrick,2
467114,2020-21,2020-21,Oliver Casey,Oliver Casey,1
467169,2022-23,2025-26,Antony dos Santos,Antony Matheus dos Santos; Antony dos Santos,4
467189,2024-25,2025-26,Mads Hermansen,Mads Hermansen,2
467311,2021-22,2021-22,Matthew Pollock,Matthew Pollock,1
467779,2024-25,2025-26,Mats Wieffer,Mats Wieffer,2
468243,2021-22,2021-22,Kamil Conteh,Kamil Conteh,1
469130,2025-26,2025-26,Lorenzo Lucca,Lorenzo Lucca,1
469142,2022-23,2025-26,Jan Paul van Hecke,Jan Paul van Hecke,4
469247,2024-25,2025-26,Samuel Iling-Junior,Samuel Iling-Junior,2
469249,2021-22,2021-22,Nohan Kenneh,Nohan Kenneh,1
469272,2025-26,2025-26,Loum Tchaouna,Loum Tchaouna,1
470255,2020-21,2020-21,Caleb Taylor,Caleb Taylor,1
470294,2022-23,2025-26,Darko Gyabi,Darko Gyabi,2
470296,2022-23,2022-23,Jeremiah Chilokoa-Mullen,Jeremiah Chilokoa-Mullen,1
470313,2025-26,2025-26,Nick Woltemade,Nick Woltemade,1
470315,2025-26,2025-26,Luca Netz,Luca Netz,1
471471,2021-22,2021-22,Imrân Louza,Imrân Louza,1
471798,2023-24,2025-26,Gabriel Słonina,Gabriel Słonina,2
471848,2020-21,2023-24,Femi Seriki,Femi Seriki,2
472464,2020-21,2023-24,Shola Shoretire,Shola Shoretire,4
47247,2019-20,2023-24,John Fleck,John Fleck,3
472713,2022-23,2025-26,Aaron Hickey,Aaron Hickey,4
472739,2024-25,2025-26,Carl Rushworth,Carl Rushworth,2
472769,2022-23,2025-26,Nico O'Reilly,Nico O'Reilly,3
473341,2024-25,2024-25,Caleb Okoli,Caleb Okoli,1
473342,2021-22,2021-22,Stuart McKinstry,Stuart McKinstry,1
47390,2016-17,2020-21,Neil Taylor,Neil Taylor,3
474003,2019-20,2020-21,Leonardo Campana,Leonardo Campana,2
474120,2022-23,2025-26,Julio Enciso Espínola,Julio Enciso; Julio Enciso Espínola,4
47431,2016-17,2024-25,Willian Borges da Silva,Willian Borges Da Silva; Willian Borges da Silva,9
474772,2022-23,2023-24,Ben Greenwood,Ben Greenwood,2
474803,2023-24,2023-24,Eddie Beach,Eddie Beach,1
474907,2020-21,2025-26,Reece Welch,Reece Welch,5
474908,2023-24,2023-24,Jadan Raymond,Jadan Raymond,1
475123,2024-25,2025-26,Carlos Miguel dos Santos Pereira,Carlos Miguel dos Santos Pereira,2
475168,2019-20,2025-26,João Pedro Junqueira de Jesus,João Pedro Junqueira de Jesus,5
475480,2023-24,2024-25,Benicio Baker-Boaitey,Benicio Baker-Boaitey,2
475492,2022-23,2022-23,Oliver Hammond,Oliver Hammond,1
476161,2022-23,2022-23,Lewis Payne,Lewis Payne,1
476344,2022-23,2024-25,Jhon Durán,Jhon Durán,3
476369,2023-24,2024-25,Issa Kaboré,Issa Kaboré,2
476502,2022-23,2025-26,Boubacar Traoré,Boubacar Traoré,4
476887,2025-26,2025-26,Dilane Bakwa,Dilane Bakwa,1
476888,2022-23,2024-25,Sékou Mara,Sékou Mara,2
476938,2023-24,2023-24,Ismaila Coulibaly,Ismaila Coulibaly,1
477064,2022-23,2025-26,Rico Lewis,Rico Lewis,4
477386,2022-23,2024-25,Armel Bella-Kotchap,Armel Bella-Kotchap,2
477424,2023-24,2025-26,Joško Gvardiol,Joško Gvardiol,3
477547,2021-22,2025-26,Leo Fuhr Hjelde,Leo Fuhr Hjelde,3
477555,2023-24,2025-26,Oscar Bobb,Oscar Bobb,3
477580,2022-23,2025-26,Illia Zabarnyi,Illia Zabarnyi,4
477717,2023-24,2025-26,Maxime Estève,Maxime Esteve; Maxime Estève,2
477733,2023-24,2023-24,Radek Vítek,Radek Vítek,1
477851,2025-26,2025-26,Abdoullah Ba,Abdoullah Ba,1
478028,2021-22,2021-22,Kayky da Silva Chagas,Kayky da Silva Chagas,1
478227,2022-23,2022-23,Stefan Parkes,Stefan Parkes,1
478449,2020-21,2020-21,Kyron Gordon,Kyron Gordon,1
478912,2020-21,2024-25,Carney Chukwuemeka,Carney Chukwuemeka,5
478969,2023-24,2025-26,Hjalmar Ekdal,Hjalmar Ekdal,2
479641,2022-23,2022-23,Sebastian Revan,Sebastian Revan,1
479683,2022-23,2023-24,Marcus Oliveira Alencar,Marcus Oliveira Alencar,2
480216,2020-21,2020-21,Mateusz Bogusz,Mateusz Bogusz,1
480455,2019-20,2025-26,Jarrad Branthwaite,Jarrad Branthwaite,7
480818,2020-21,2020-21,Billy Koumetio,Billy Koumetio,1
481283,2022-23,2025-26,James Wright,James Wright,3
481371,2020-21,2020-21,Zak Brunt,Zak Brunt,1
481405,2021-22,2023-24,Mads Bidstrup,Mads Bidstrup,3
481510,2022-23,2024-25,Victor Kristiansen,Victor Kristiansen,2
481624,2020-21,2024-25,Jaden Philogene,Jaden Philogene-Bidace; Jaden Philogene,5
481626,2020-21,2021-22,Christian Marques,Christian Marques,2
481655,2025-26,2025-26,Martín Zubimendi Ibáñez,Martín Zubimendi Ibáñez,1
482158,2023-24,2024-25,Lucas Bergström,Lucas Bergström,2
482442,2022-23,2025-26,Pape Matar Sarr,Pape Matar Sarr,4
482609,2023-24,2025-26,Malo Gusto,Malo Gusto,3
482769,2022-23,2023-24,Máximo Perrone,Máximo Perrone,2
482973,2025-26,2025-26,Igor Jesus Maciel da Cruz,Igor Jesus Maciel da Cruz,1
483081,2024-25,2025-26,Rodrigo Martins Gomes,Rodrigo Martins Gomes,2
48332,2017-18,2017-18,Orestis Karnezis,Orestis Karnezis,1
483364,2022-23,2025-26,Krisztián Hegyi,Krisztián Hegyi,2
483365,2021-22,2021-22,Jonathan Rowe,Jonathan Rowe,1
483391,2023-24,2023-24,Luke McNally,Luke McNally,1
483398,2023-24,2023-24,Matthew Whittingham,Matthew Whittingham,1
484420,2025-26,2025-26,Enzo Le Fée,Enzo Le Fée,1
484658,2022-23,2024-25,Kacper Kozłowski,Kacper Kozłowski,3
485047,2024-25,2025-26,Felipe Rodrigues da Silva,Felipe Rodrigues da Silva,2
485055,2024-25,2025-26,Antonín Kinský,Antonín Kinsky; Antonín Kinský,2
485337,2025-26,2025-26,Evann Guessand,Evann Guessand,1
485711,2025-26,2025-26,Benjamin Sesko,Benjamin Sesko,1
48615,2016-17,2023-24,Harry Arter,Harry Arter,5
486385,2023-24,2025-26,Norberto Bercique Gomes Betuncal,Norberto Bercique Gomes Betuncal,3
486520,2025-26,2025-26,Ilia Gruev,Ilia Gruev,1
486623,2022-23,2022-23,Sean McAllister,Sean McAllister,1
486672,2020-21,2025-26,Moisés Caicedo Corozo,Moisés Caicedo; Moisés Caicedo Corozo,6
486870,2020-21,2021-22,Frederik Alves,Frederik Alves,2
487053,2023-24,2025-26,Destiny Udogie,Destiny Udogie,3
487117,2021-22,2025-26,Evan Ferguson,Evan Ferguson,5
48717,2016-17,2021-22,Winston Reid,Winston Reid,5
48760,2017-18,2024-25,Mathias Jorgensen,Mathias Jorgensen,6
487676,2025-26,2025-26,Trai Hume,Trai Hume,1
487693,2023-24,2023-24,Devan Tanton,Devan Tanton,1
487702,2023-24,2025-26,Luca Koleosho,Luca Koleosho,2
48771,2016-17,2016-17,Emilio Nsue Lopez,Emilio Nsue Lopez,1
48773,2017-18,2017-18,Siem de Jong,Siem de Jong,1
487818,2022-23,2023-24,Joe Whitworth,Joseph Whitworth; Joe Whitworth,2
487828,2023-24,2023-24,Omari Forson,Omari Forson,1
487835,2021-22,2021-22,Benjamin Chrisene,Benjamin Chrisene,1
487836,2020-21,2023-24,Antwoine Hackford,Antwoine Hackford,2
487837,2022-23,2024-25,Divin Mubama,Divin Mubama,3
487838,2021-22,2025-26,Lewis Hall,Lewis Hall,5
487968,2023-24,2023-24,Ameen Al-Dakhil,Ameen Al-Dakhil,1
488024,2025-26,2025-26,Yéremy Pino Santos,Yéremy Pino Santos,1
488213,2025-26,2025-26,Tolu Arokodare,Tolu Arokodare,1
488404,2020-21,2024-25,Facundo Pellistri Rebollo,Facundo Pellistri; Facundo Pellistri Rebollo,4
488439,2024-25,2024-25,Woyo Coulibaly,Woyo Coulibaly,1
48844,2016-17,2017-18,David Ospina,David Ospina,2
488464,2024-25,2024-25,Caleb Wiley,Caleb Wiley,1
48860,2017-18,2017-18,Niki Mäenpää,Niki Mäenpää,1
489571,2025-26,2025-26,Etienne Green,Etienne Green,1
489580,2022-23,2025-26,Calvin Ramsay,Calvin Ramsay,2
489639,2023-24,2025-26,Bart Verbruggen,Bart Verbruggen,3
489706,2024-25,2025-26,Justin Devenny,Justin Devenny,2
489888,2025-26,2025-26,Amine Adli,Amine Adli,1
490000,2025-26,2025-26,Blondy Nna Noukeu,Blondy Nna Noukeu,1
490094,2020-21,2025-26,Tim Iroegbunam,Tim Iroegbunam,6
490095,2023-24,2023-24,Ty Barnett,Ty Barnett,1
490098,2019-20,2019-20,Kaine Hayden,Kaine Hayden,1
49013,2016-17,2018-19,Victor Moses,Victor Moses,3
490138,2020-21,2020-21,Jakub Ojrzynski,Jakub Ojrzynski,1
490142,2025-26,2025-26,Freddie Potts,Freddie Potts,1
490145,2020-21,2025-26,Dane Scarlett,Dane Scarlett,6
490146,2022-23,2024-25,Jay Stansfield,Jay Stansfield,3
490150,2023-24,2023-24,Michael Ndiweni,Michael Ndiweni,1
490161,2021-22,2021-22,Abu Kamara,Abu Kamara,1
490180,2023-24,2023-24,Aribim Pepple,Aribim Pepple,1
490503,2021-22,2024-25,Samuel Edozie,Samuel Edozie,3
490721,2020-21,2025-26,Hugo Bueno López,Hugo Bueno; Hugo Bueno López,6
49083,2019-20,2023-24,Luke Freeman,Luke Freeman,3
490881,2023-24,2025-26,Toby Collyer,Toby Collyer,3
490885,2023-24,2025-26,George Earthy,George Earthy,3
490887,2021-22,2021-22,Zach Awe,Zach Awe,1
491007,2025-26,2025-26,Dário Luís Essugo,Dário Luís Essugo,1
491008,2022-23,2022-23,Diogo Pinheiro Monteiro,Diogo Pinheiro Monteiro,1
491011,2023-24,2023-24,Diego Manuel Jadon da Silva Moreira,Diego Manuel Jadon da Silva Moreira,1
491012,2023-24,2025-26,Youssef Ramalho Chermiti,Youssef Ramalho Chermiti,3
491279,2023-24,2025-26,Micky van de Ven,Micky van de Ven,3
491287,2024-25,2025-26,Enzo Barrenechea,Enzo Barrenechea,2
491460,2025-26,2025-26,Alfie Brooks,Alfie Brooks,1
491501,2023-24,2025-26,James McConnell,James McConnell,3
491551,2021-22,2021-22,Thierry Small,Thierry Small,1
491556,2021-22,2021-22,Charlie Whitaker,Charlie Whitaker,1
491557,2023-24,2025-26,Jenson Metcalfe,Jenson Metcalfe,3
491559,2020-21,2022-23,Isaac Price,Isaac Price,3
491598,2022-23,2024-25,Cameron Peupion,Cameron Peupion,3
491745,2023-24,2025-26,Elijah Campbell,Elijah Campbell,2
491785,2021-22,2022-23,Harvey Vale,Harvey Vale,2
49195,2016-17,2017-18,Jefferson Montero,Jefferson Montero,2
491970,2022-23,2024-25,Bobby Clark,Bobby Clark,3
49202,2017-18,2017-18,Sean Scannell,Sean Scannell,1
492066,2020-21,2025-26,Niall Huggins,Niall Huggins,2
49207,2016-17,2016-17,Rudy Gestede,Rudy Gestede,1
492368,2025-26,2025-26,Isaac Schmidt,Isaac Schmidt,1
492373,2020-21,2021-22,Charlie Cresswell,Charlie Cresswell,2
492374,2020-21,2021-22,Jack Jenkins,Jack Jenkins,2
49262,2018-19,2025-26,Jason Steele,Jason Steele,7
49277,2016-17,2017-18,Leroy Fer,Leroy Fer,2
492776,2022-23,2022-23,Dexter Lembikisa,Dexter Lembikisa,1
492777,2021-22,2025-26,Conor Bradley,Conor Bradley,4
492779,2022-23,2023-24,Yago de Santiago Alonso,Yago de Santiago Alonso,2
492831,2023-24,2025-26,Zeki Amdouni,Zeki Amdouni,2
492859,2022-23,2025-26,Wilfried Gnonto,Wilfried Gnonto,2
493105,2021-22,2025-26,Alejandro Garnacho Ferreyra,Alejandro Garnacho Ferreyra; Alejandro Garnacho,5
493121,2023-24,2023-24,Roshaun Mathurin,Roshaun Mathurin,1
493125,2023-24,2025-26,Radu Drăgușin,Radu Dragusin; Radu Drăgușin,3
493250,2020-21,2025-26,Amad Diallo,Amad Diallo,6
493347,2023-24,2023-24,Denis Franchi,Denis Franchi,1
493362,2025-26,2025-26,Xavi Simons,Xavi Simons,1
493736,2022-23,2022-23,Jimmy Morgan,Jimmy Morgan,1
49382,2018-19,2018-19,Bruno Ecuele Manga,Bruno Ecuele Manga,1
493837,2025-26,2025-26,Jay Matete,Jay Matete,1
49384,2016-17,2019-20,Jack Rodwell,Jack Rodwell,2
493928,2021-22,2021-22,Marcelo Flores,Marcelo Flores,1
493934,2021-22,2021-22,Kwadwo Baah,Kwadwo Baah,1
494041,2023-24,2024-25,Ethan Brierley,Ethan Brierley,2
49413,2016-17,2023-24,James Tomkins,James Tomkins,8
494307,2024-25,2025-26,Max Alleyne,Max Alleyne,2
49438,2016-17,2017-18,Jordon Mutch,Jordon Mutch,2
49440,2016-17,2020-21,Hal Robson-Kanu,Hal Robson-Kanu,3
494521,2025-26,2025-26,Adrien Truffert,Adrien Truffert,1
494541,2022-23,2022-23,Kamari Doyle,Kamari Doyle,1
494543,2022-23,2022-23,Dominic Ballard,Dominic Ballard,1
494551,2024-25,2024-25,Jayden Moore,Jayden Moore,1
494556,2025-26,2025-26,Ollie Shield,Ollie Shield,1
494595,2025-26,2025-26,Florian Wirtz,Florian Wirtz,1
49464,2016-17,2016-17,Cristhian Stuani,Cristhian Stuani,1
494779,2024-25,2024-25,Albert Grønbæk,Albert Grønbæk,1
494960,2025-26,2025-26,Quilindschy Hartman,Quilindschy Hartman,1
495024,2024-25,2024-25,Jay Robinson,Jay Robinson,1
495145,2024-25,2025-26,Alex Paulsen,Alex Paulsen,2
495161,2025-26,2025-26,Marko Stamenić,Marko Stamenić,1
49539,2016-17,2017-18,Kyle Naughton,Kyle Naughton,2
495542,2020-21,2022-23,Niels Nkounkou,Niels Nkounkou,3
49579,2016-17,2019-20,Pedro Rodríguez Ledesma,Pedro Rodríguez Ledesma,4
496178,2024-25,2025-26,Roman Dixon,Roman Dixon,2
496179,2020-21,2024-25,Alfie Devine,Alfie Devine,4
496185,2021-22,2023-24,Kaide Gordon,Kaide Gordon,2
496208,2022-23,2025-26,Ben Gannon-Doak,Ben Doak; Ben Gannon-Doak,4
496221,2023-24,2025-26,Adam Wharton,Adam Wharton,3
496222,2023-24,2023-24,Zak Sturge,Zak Sturge,1
496228,2021-22,2022-23,Sonny Perkins,Sonny Perkins,2
496279,2024-25,2025-26,Isaac Heath,Isaac Heath,2
496283,2023-24,2023-24,Mahamadou Susoho,Mahamadou Susoho,1
496661,2021-22,2025-26,Tyler Dibling,Tyler Dibling,3
496683,2022-23,2024-25,Max Kinsey,Max Kinsey-Wellings; Max Kinsey,3
49688,2016-17,2016-17,Alfred N'Diaye,Alfred N'Diaye,1
49696,2016-17,2017-18,Mauro Zárate,Mauro Zárate,2
497605,2021-22,2021-22,Liam Gibbs,Liam Gibbs,1
497606,2023-24,2025-26,Tawanda Chirewa,Tawanda Chirewa,3
49773,2016-17,2016-17,Albert Adomah,Albert Adomah,1
497894,2023-24,2025-26,Rasmus Højlund,Rasmus Højlund,3
497949,2025-26,2025-26,David Møller Wolfe,David Møller Wolfe,1
498016,2025-26,2025-26,Robin Roefs,Robin Roefs,1
498046,2021-22,2024-25,Salah-Eddine Oulad M'hand,Salah-Eddine Oulad M'hand,2
49806,2018-19,2018-19,David Junior Hoilett,David Junior Hoilett,1
49845,2018-19,2018-19,Aron Gunnarsson,Aron Gunnarsson,1
499167,2024-25,2025-26,Josh Nichols,Josh Nichols,2
499169,2023-24,2025-26,Myles Lewis-Skelly,Myles Lewis-Skelly,3
499175,2022-23,2025-26,Ethan Nwaneri,Ethan Nwaneri,4
499300,2025-26,2025-26,Adam Aznou,Adam Aznou,1
499309,2024-25,2025-26,Marc Guiu Paz,Marc Guiu Paz,2
49944,2016-17,2020-21,Jake Livermore,Jake Livermore,3
49957,2016-17,2020-21,Kamil Grosicki,Kamil Grosicki,2
499604,2025-26,2025-26,Rayan Vitor Simplício Rocha,Rayan Vitor Simplício Rocha,1
499716,2025-26,2025-26,James Rowswell,James Rowswell,1
499717,2024-25,2025-26,Jayden Meghoma,Jayden Meghoma,2
499721,2023-24,2025-26,Mikey Moore,Mikey Moore,3
499724,2022-23,2024-25,Samuel Amo-Ameyaw,Samuel Amo-Ameyaw,2
499726,2024-25,2025-26,Callum Olusesi,Callum Olusesi,2
49982,2018-19,2018-19,Sean Morrison,Sean Morrison,1
499857,2023-24,2025-26,Teddy Sharman-Lowe,Teddy Sharman-Lowe,2
500016,2024-25,2024-25,Welington Damascena Santos,Welington Damascena Santos,1
500040,2025-26,2025-26,Cristhian Mosquera,Cristhian Mosquera,1
500052,2023-24,2023-24,Luca Barrington,Luca Barrington,1
500058,2023-24,2025-26,Jayden Danns,Jayden Danns,3
500151,2025-26,2025-26,Nicolò Savona,Nicolò Savona,1
500267,2022-23,2022-23,Loïc Badé,Loïc Badé,1
500696,2025-26,2025-26,Nectarios Triantis,Nectarios Triantis,1
50089,2016-17,2017-18,Geoff Cameron,Geoff Cameron,2
500926,2024-25,2024-25,Ronnie Edwards,Ronnie Edwards,1
50093,2018-19,2020-21,David Button,David Button,3
501284,2022-23,2023-24,Michael Olakigbe,Michael Olakigbe,2
501468,2021-22,2023-24,Tayo Adaramola,Tayo Adaramola,3
501620,2024-25,2024-25,Dante Cassanova,Dante Cassanova,1
50175,2016-17,2025-26,Danny Welbeck,Danny Welbeck,10
501770,2021-22,2024-25,Ben Nelson,Ben Nelson,2
501837,2021-22,2025-26,Yerson Mosquera Valdelamar,Yerson Mosquera Valdelamar; Yerson Mosquera,5
502222,2024-25,2024-25,Ramón Sosa,Ramón Sosa,1
50229,2016-17,2020-21,Matt Phillips,Matt Phillips,3
50232,2017-18,2023-24,Jonjo Shelvey,Jonjo Shelvey,7
502500,2024-25,2025-26,Igor Thiago Nascimento Rodrigues,Igor Thiago Nascimento Rodrigues,2
502697,2022-23,2025-26,Carlos Alcaraz Durán,Carlos Alcaraz; Carlos Alcaraz Durán,3
502988,2025-26,2025-26,Danny Imray,Danny Imray,1
503139,2023-24,2025-26,Alex Scott,Alex Scott,3
503300,2021-22,2025-26,Matthew Cox,Matthew Cox,4
503301,2021-22,2025-26,Omari Hutchinson,Omari Hutchinson; Omari Giraud-Hutchinson,4
503308,2023-24,2023-24,James Sweet,James Sweet,1
503714,2023-24,2025-26,Lesley Ugochukwu,Lesley Ugochukwu,3
503724,2023-24,2023-24,Lorenz Assignon,Lorenz Assignon,1
504198,2023-24,2023-24,Anis Slimane,Anis Slimane,1
504296,2024-25,2025-26,Coby Ebere,Coby Ebere,2
504598,2023-24,2023-24,Daniel Gore,Daniel Gore,1
50471,2016-17,2022-23,James McArthur,James McArthur,7
50472,2016-17,2020-21,James McCarthy,James McCarthy,5
504750,2023-24,2023-24,Justin Hubner,Justin Hubner,1
504751,2022-23,2023-24,Mauro Bandeira,Mauro Bandeira,2
504783,2022-23,2024-25,Kamaldeen Sulemana,Kamaldeen Sulemana,2
505079,2025-26,2025-26,Alfie McNally,Alfie McNally,1
505187,2023-24,2024-25,Cesare Casadei,Cesare Casadei,2
505265,2020-21,2020-21,Cheikh Diaby,Cheikh Diaby,1
507433,2023-24,2025-26,Hákon Rafn Valdimarsson,Hákon Valdimarsson; Hákon Rafn Valdimarsson,3
508395,2023-24,2025-26,Yehor Yarmoliuk,Yegor Yarmoliuk; Yehor Yarmoliuk,3
508479,2024-25,2025-26,Filip Jörgensen,Filip Jørgensen; Filip Jörgensen,2
509291,2024-25,2025-26,André Trindade da Costa Neto,André Trindade da Costa Neto,2
509416,2022-23,2025-26,Yasin Ayari,Yasin Ayari,4
510281,2024-25,2025-26,Sávio Moreira de Oliveira,Sávio 'Savinho' Moreira de Oliveira; Sávio Moreira de Oliveira,2
510328,2022-23,2022-23,Stanley Mills,Stanley Mills,1
510362,2021-22,2025-26,Toti Gomes,Toti António Gomes; Toti Gomes,5
510363,2021-22,2024-25,Francisco Jorge Tomás Oliveira,Francisco Jorge Tomás Oliveira,4
510500,2024-25,2025-26,João Pedro Ferreira da Silva,João Pedro Ferreira Silva; João Pedro Ferreira da Silva,2
510663,2025-26,2025-26,Hugo Ekitiké,Hugo Ekitiké,1
51090,2020-21,2023-24,Thiago Emiliano da Silva,Thiago Thiago; Thiago Emiliano da Silva,4
511499,2024-25,2025-26,Mathys Tel,Mathys Tel,2
511504,2022-23,2023-24,Kristian Sekularac,Kristian Sekularac,2
511783,2023-24,2023-24,Anass Zaroury,Anass Zaroury,1
512462,2023-24,2025-26,Jake O'Brien,Jake O'Brien,3
513046,2022-23,2024-25,Danilo dos Santos de Oliveira,Danilo dos Santos de Oliveira,3
513418,2022-23,2025-26,Kevin Schade,Kevin Schade,4
513433,2024-25,2025-26,Brajan Gruda,Brajan Gruda,2
51344,2017-18,2018-19,Rajiv van La Parra,Rajiv van La Parra,2
513466,2025-26,2025-26,Merlin Röhl,Merlin Röhl,1
513527,2024-25,2024-25,Bilal El Khannouss,Bilal El Khannouss,1
513588,2023-24,2023-24,Jamie Donley,Jamie Donley,1
513789,2020-21,2020-21,Thanawat Suengchitthawon,Thanawat Suengchitthawon,1
513834,2022-23,2025-26,Andrew Moran,Andrew Moran,3
513836,2023-24,2023-24,Leigh Kavanagh,Leigh Kavanagh,1
513840,2023-24,2023-24,Samy Chouchane,Samy Chouchane,1
513852,2021-22,2021-22,Kris Moore,Kris Moore,1
514154,2023-24,2023-24,Ben Jackson,Ben Jackson,1
514229,2021-22,2021-22,Sam Waller,Sam Waller,1
514254,2024-25,2025-26,Diego Gómez Amarilla,Diego Gómez; Diego Gómez Amarilla,2
514277,2023-24,2023-24,Jimi Tauriainen,Jimi Tauriainen,1
514280,2022-23,2024-25,Alfie Gilchrist,Alfie Gilchrist,3
514284,2022-23,2022-23,Joe Wormleighton,Joe Wormleighton,1
514287,2022-23,2024-25,Sil Swinkels,Sil Swinkels,2
514307,2024-25,2024-25,Jack Henry-Francis,Jack Henry-Francis,1
514315,2022-23,2025-26,Lino da Cruz Sousa,Lino Sousa; Lino da Cruz Sousa,3
514356,2021-22,2025-26,Roméo Lavia,Romeo Lavia; Roméo Lavia,5
514362,2023-24,2025-26,Temple Ojinnaka,Temple Ojinnaka,2
514514,2023-24,2023-24,Lewis Koumas,Lewis Koumas,1
514613,2025-26,2025-26,Zak Johnson,Zak Johnson,1
515023,2022-23,2023-24,Matthew Dibley-Dias,Matthew Dibley-Dias,2
515024,2022-23,2025-26,Luke Harris,Luke Harris,4
515046,2025-26,2025-26,Melker Ellborg,Melker Ellborg,1
51507,2016-17,2019-20,Laurent Koscielny,Laurent Koscielny,4
515496,2022-23,2022-23,Owen Goodman,Owen Goodman,1
515500,2022-23,2023-24,Rhys Bennett,Rhys Bennett,2
515501,2021-22,2023-24,Álvaro Fernández Carreras,Álvaro Fernández; Álvaro Fernández Carreras,2
515503,2022-23,2022-23,Jack Wells-Morrison,Jack Wells-Morrison,1
515504,2023-24,2023-24,Joe Hugill,Joe Hugill,1
515571,2022-23,2024-25,Juan Larios López,Juan Larios López,2
515597,2021-22,2025-26,Lamare Bogarde,Lamare Bogarde,4
515599,2021-22,2023-24,Tommi O'Reilly,Tommi O'Reilly,3
515621,2024-25,2025-26,Chadi Riad Dnanou,Chadi Riad Dnanou,2
516159,2022-23,2024-25,Oliwier Zych,Oliwier Zych,3
516211,2025-26,2025-26,Abdallah Sima,Abdallah Sima,1
516234,2025-26,2025-26,Charlie Gray,Charlie Gray,1
516250,2023-24,2024-25,Jacob Wright,Jacob Wright,2
516432,2023-24,2023-24,Valintino Adedokun,Valintino Adedokun,1
516874,2023-24,2023-24,Charles Sagoe,Charles Sagoe,1
516875,2025-26,2025-26,Ronnie Hollingshead,Ronnie Hollingshead,1
516895,2022-23,2025-26,Kobbie Mainoo,Kobbie Mainoo,4
516939,2024-25,2025-26,Emmanuel Agbadou,Emmanuel Agbadou,2
517052,2023-24,2025-26,Nicolas Jackson,Nicolas Jackson,3
517178,2024-25,2024-25,Elkan Baggott,Elkan Baggott,1
517179,2024-25,2025-26,Alfie Pond,Alfie Pond,2
517995,2023-24,2023-24,Leo Castledine,Leo Castledine,1
517996,2023-24,2023-24,Ronnie Stutter,Ronnie Stutter,1
518030,2025-26,2025-26,Max Weiß,Max Weiß,1
518199,2023-24,2023-24,Fabian Mrozek,Fabian Mrozek,1
518335,2025-26,2025-26,Max Merrick,Max Merrick,1
518438,2022-23,2025-26,Kaelan Casey,Kaelan Casey,4
518442,2023-24,2025-26,Lewis Orford,Lewis Orford,3
518466,2023-24,2023-24,Willy Kambwala,Willy Kambwala,1
518467,2022-23,2022-23,Marc Jurado Gomez,Marc Jurado Gomez,1
518504,2021-22,2021-22,James Storer,James Storer,1
518620,2023-24,2024-25,Ângelo Gabriel Borges Damaceno,Ângelo Gabriel Borges Damaceno,2
518892,2023-24,2023-24,Ted Curd,Ted Curd,1
518906,2022-23,2025-26,Owen Bevan,Owen Bevan,2
51917,2017-18,2017-18,Diego Cavalieri,Diego Cavalieri,1
519198,2023-24,2023-24,Alex Matos,Alex Matos,1
519223,2022-23,2024-25,Sammy Braybrooke,Sammy Braybrooke,2
51927,2016-17,2024-25,Ben Mee,Ben Mee,9
519321,2023-24,2024-25,Alfie Dorrington,Alfie Dorrington,2
519324,2022-23,2024-25,Amario Cozier-Duberry,Amario Cozier-Duberry,2
519325,2023-24,2023-24,Habeeb Ogunneye,Habeeb Ogunneye,1
519327,2022-23,2022-23,George Abbott,George Abbott,1
519328,2023-24,2023-24,Callum Scanlon,Callum Scanlon,1
51934,2016-17,2016-17,Ron-Robert Zieler,Ron-Robert Zieler,1
51938,2016-17,2022-23,Marc Albrighton,Marc Albrighton,7
51940,2016-17,2022-23,David De Gea Quintana,David de Gea; David De Gea; David De Gea Quintana,7
51943,2025-26,2025-26,Václav Hladký,Václav Hladký,1
519440,2025-26,2025-26,Wellity Lucky,Wellity Lucky,1
519634,2025-26,2025-26,Jenson Seelt,Jenson Seelt,1
519895,2025-26,2025-26,Oliver Sonne,Oliver Sonne,1
519913,2025-26,2025-26,Tyler Fletcher,Tyler Fletcher,1
520295,2022-23,2024-25,David Datro Fofana,David Datro Fofana,3
52153,2016-17,2018-19,Miguel Britos,Miguel Britos,3
521966,2023-24,2023-24,Finley Munroe,Finley Munroe,1
52287,2016-17,2016-17,Evandro Goebel,Evandro Goebel,1
523700,2020-21,2024-25,Daniel Jebbison,Daniel Jebbison,3
523705,2025-26,2025-26,Jackson Tchatchoua,Jackson Tchatchoua,1
523957,2023-24,2023-24,Bénie Traoré,Bénie Traoré,1
524069,2022-23,2022-23,Dale Taylor,Dale Taylor,1
524070,2023-24,2023-24,Jamie McDonnell,Jamie McDonnell,1
524180,2024-25,2024-25,Cameron Humphreys,Cameron Humphreys,1
524196,2021-22,2021-22,Shaqai Forde,Shaqai Forde,1
52484,2018-19,2019-20,Leon Balogun,Leon Balogun,2
52538,2016-17,2017-18,Fernando Francisco Reges,Fernando Francisco Reges,2
52775,2021-22,2021-22,Nicolas Nkoulou,Nicolas Nkoulou,1
5288,2016-17,2016-17,Gerhard Tremmel,Gerhard Tremmel,1
52940,2016-17,2019-20,Daryl Janmaat,Daryl Janmaat,4
530117,2023-24,2023-24,Louis Jackson,Louis Jackson,1
530121,2024-25,2025-26,Zain Silcott-Duberry,Zain Silcott-Duberry,2
530318,2022-23,2025-26,Kaden Rodney,Kaden Rodney,4
530335,2025-26,2025-26,Pablo Felipe Pereira de Jesus,Pablo Felipe Pereira de Jesus,1
530873,2021-22,2023-24,Dara Costelloe,Dara Costelloe,2
531076,2020-21,2020-21,Frankie Maguire,Frankie Maguire,1
531170,2024-25,2024-25,Nasser Djiga,Nasser Djiga,1
531363,2022-23,2025-26,Nathan Fraser,Nathan Fraser,4
531442,2024-25,2024-25,Abdul Fatawu,Abdul Fatawu,1
531989,2022-23,2025-26,David Ozoh,David Ozoh,4
531993,2023-24,2023-24,Ademola Ola-Adebomi,Ademola Ola-Adebomi,1
531997,2024-25,2024-25,Henry Cartwright,Henry Cartwright,1
532135,2022-23,2022-23,Killian Phillips,Killian Phillips,1
532372,2023-24,2023-24,Oliver Arblaster,Oliver Arblaster,1
532377,2023-24,2023-24,Louie Marsh,Louie Marsh,1
532528,2023-24,2023-24,Joshua Duffus,Joshua Duffus,1
532529,2022-23,2025-26,Jack Hinshelwood,Jack Hinshelwood,4
532534,2024-25,2024-25,Will Alves,Will Alves,1
532535,2024-25,2024-25,Thomas Wilson-Brown,Thomas Wilson-Brown,1
532605,2022-23,2025-26,Andrey Nascimento dos Santos,Andrey Nascimento dos Santos,4
533463,2022-23,2025-26,Dango Ouattara,Dango Ouattara,4
53371,2016-17,2016-17,David Meyler,David Meyler,1
533710,2024-25,2025-26,Iwan Morgan,Iwan Morgan,2
533719,2021-22,2021-22,Adrian Blake,Adrian Blake,1
534392,2023-24,2023-24,Mason Burstow,Mason Burstow,1
534836,2022-23,2025-26,Travis Patterson,Travis Patterson,2
535017,2024-25,2025-26,Julian Eyestone,Julian Eyestone,2
535262,2022-23,2023-24,Reuell Walters,Reuell Walters,2
535264,2023-24,2023-24,Bradley Ibrahim,Bradley Ibrahim,1
535301,2023-24,2025-26,Carlos Baleba,Carlos Baleba,3
535339,2021-22,2021-22,Tiago Çukur,Tiago Çukur,1
535818,2023-24,2025-26,Simon Adingra,Simon Adingra,3
535928,2022-23,2025-26,Stefan Bajčetić Maquieira,Stefan Bajcetic; Stefan Bajčetić Maquieira,4
536109,2023-24,2025-26,Ollie Scarles,Oliver Scarles; Ollie Scarles,3
536110,2021-22,2021-22,Josh Feeney,Josh Feeney,1
536119,2025-26,2025-26,Charlie Crew,Charlie Crew,1
536134,2025-26,2025-26,Rio Kyerematen,Rio Kyerematen,1
536238,2022-23,2024-25,Ishé Samuels-Smith,Ishé Samuels-Smith,3
536241,2024-25,2025-26,Martin Sherif,Martin Sherif,2
536661,2025-26,2025-26,Nilson Angulo,Nilson Angulo,1
536677,2023-24,2023-24,Detlef Esapa Osong,Detlef Esapa Osong,1
536681,2023-24,2023-24,Joe Gardner,Joe Gardner,1
536694,2023-24,2025-26,Matheus França de Oliveira,Matheus França de Oliveira,3
536908,2023-24,2024-25,Alejo Véliz,Alejo Véliz,2
536916,2022-23,2025-26,Facundo Buonanotte,Facundo Buonanotte,4
537043,2022-23,2022-23,Kaine Kesler Hayden,Kaine Kesler Hayden,1
537403,2022-23,2025-26,Kadan Young,Kadan Young,4
538182,2024-25,2024-25,Jimi Gower,Jimi Gower,1
538206,2023-24,2023-24,Jordan Amissah,Jordan Amissah,1
538207,2020-21,2025-26,William Osula,William Osula,4
538210,2023-24,2023-24,Andre Brooks,Andre Brooks,1
539721,2024-25,2024-25,Ruairi McConville,Ruairi McConville,1
54102,2016-17,2020-21,Jack Wilshere,Jack Wilshere,5
541462,2024-25,2025-26,Matai Akinmboni,Matai Akinmboni,2
54284,2017-18,2018-19,Chris Löwe,Chris Löwe,2
543158,2023-24,2024-25,Valentín Barco,Valentín Barco,2
54316,2016-17,2017-18,Leonardo Ulloa,Leonardo Ulloa,2
543295,2025-26,2025-26,Antoni Milambo,Antoni Milambo,1
54421,2018-19,2018-19,Floyd Ayité,Floyd Ayité,1
54469,2016-17,2025-26,Adam Smith,Adam Smith,8
54484,2017-18,2021-22,Francisco Femenía Far,Francisco Femenía Far,4
544877,2023-24,2025-26,Milos Kerkez,Milos Kerkez,3
54513,2017-18,2018-19,Vicente Iborra,Vicente Iborra,2
54527,2018-19,2018-19,Loïc Damour,Loïc Damour,1
545477,2023-24,2025-26,Alex Murphy,Alex Murphy,3
545508,2024-25,2024-25,Joseph O'Brien-Whitmarsh,Joseph O'Brien-Whitmarsh,1
54694,2017-18,2023-24,Pierre-Emerick Aubameyang,Pierre-Emerick Aubameyang,7
547027,2025-26,2025-26,Habib Diarra,Habib Diarra,1
547037,2024-25,2025-26,Jack Fletcher,Jack Fletcher,2
54738,2023-24,2023-24,Thomas Kaminski,Thomas Kaminski,1
547410,2025-26,2025-26,Harrison Jones,Harrison Jones,1
54756,2016-17,2019-20,Victor Wanyama,Victor Wanyama,4
54764,2019-20,2019-20,Jonathan Kodjia,Jonathan Kodjia,1
547659,2023-24,2023-24,Josh Powell,Josh Powell,1
547668,2023-24,2023-24,Axel Piesold,Axel Piesold,1
547671,2025-26,2025-26,Riley Owen,Riley Owen,1
547673,2022-23,2022-23,Charlie Robinson,Charlie Robinson,1
547676,2024-25,2025-26,Tyler Fredricson,Tyler Fredricson,2
547686,2023-24,2023-24,Luc De Fougerolles,Luc De Fougerolles,1
547692,2024-25,2024-25,Samuel Rak-Sakyi,Samuel Rak-Sakyi,1
547693,2024-25,2024-25,Somto Boniface,Somto Boniface,1
547701,2021-22,2025-26,Archie Gray,Archie Gray,4
54771,2016-17,2016-17,Fabio Pereira da Silva,Fabio Pereira da Silva,1
547716,2023-24,2023-24,Ben Parkinson,Ben Parkinson,1
547719,2022-23,2025-26,Lewis Miley,Lewis Miley,4
547720,2024-25,2025-26,Charlie Tasker,Charlie Tasker,2
547801,2024-25,2025-26,Callum Bates,Callum Bates,2
548308,2023-24,2025-26,Ashley Phillips,Ashley Phillips,3
54861,2016-17,2022-23,Christian Benteke,Christian Benteke,7
549014,2023-24,2023-24,Noël Atom,Noël Atom,1
549067,2024-25,2025-26,Zach Abbott,Zach Abbott,2
549068,2023-24,2024-25,Omari Kellyman,Omari Kellyman,2
549074,2025-26,2025-26,Tom Watson,Tom Watson,1
54908,2016-17,2017-18,Nacer Chadli,Nacer Chadli,2
549329,2025-26,2025-26,Lucas Pires Silva,Lucas Pires Silva,1
549344,2023-24,2023-24,Sam Curtis,Sam Curtis,1
549640,2024-25,2024-25,Michael Golding,Michael Golding,1
549912,2025-26,2025-26,Chemsdine Talbi,Chemsdine Talbi,1
549939,2025-26,2025-26,Mike Penders,Mike Penders,1
550090,2025-26,2025-26,Diego Coppola,Diego Coppola,1
550141,2024-25,2025-26,Adrian Mazilu,Adrian Mazilu,2
55037,2016-17,2023-24,Cheikhou Kouyaté,Cheikhou Kouyaté,8
55038,2018-19,2020-21,Kevin McDonald,Kevin McDonald,2
550596,2022-23,2025-26,Dominic Sadi,Dominic Sadi,4
550615,2023-24,2025-26,Tyrique George,Tyrique George,3
550833,2023-24,2023-24,Noha Lemina,Noha Lemina,1
550839,2023-24,2025-26,Wilson Odobert,Wilson Odobert,3
550864,2024-25,2025-26,Leny Yoro,Leny Yoro,2
551153,2025-26,2025-26,Luís Hemir Silva Semedo,Luís Hemir Silva Semedo,1
551206,2025-26,2025-26,Jaydon Banel,Jaydon Banel,1
551210,2025-26,2025-26,Jorrel Hato,Jorrel Hato,1
551221,2024-25,2025-26,Tommy Setford,Tommy Setford,2
551226,2024-25,2025-26,Mateus Gonçalo Espanha Fernandes,Mateus Gonçalo Espanha Fernandes,2
551230,2024-25,2024-25,Renato Palma Veiga,Renato Palma Veiga,1
551232,2023-24,2023-24,Rodrigo Duarte Ribeiro,Rodrigo Duarte Ribeiro,1
551483,2025-26,2025-26,Álex Jiménez Sánchez,Álex Jiménez Sánchez,1
551995,2023-24,2023-24,Taylan Harris,Taylan Harris,1
552030,2023-24,2023-24,Aidan Francis-Clarke,Aidan Francis-Clarke,1
552425,2023-24,2023-24,Sydie Peck,Sydie Peck,1
552427,2024-25,2025-26,Will Lankshear,Will Lankshear,2
55313,2016-17,2016-17,Franck Tabanou,Franck Tabanou,1
55317,2016-17,2016-17,Bernardo Espinosa Zúñiga,Bernardo Espinosa Zúñiga,1
553299,2025-26,2025-26,Takai Kōta,Takai Kōta,1
553742,2025-26,2025-26,Finlay Herrick,Finlay Herrick,1
553746,2025-26,2025-26,Leo Shahar,Leo Shahar,1
554194,2024-25,2024-25,Jahmai Simpson-Pusey,Jahmai Simpson-Pusey,1
554197,2025-26,2025-26,Chris Rigg,Chris Rigg,1
55422,2016-17,2021-22,Gylfi Sigurdsson,Gylfi Sigurdsson,6
55452,2016-17,2018-19,Yannick Bolasie,Yannick Bolasie,3
55459,2016-17,2024-25,Aaron Cresswell,Aaron Cresswell,9
554605,2024-25,2024-25,Dean Huijsen,Dean Huijsen,1
55494,2016-17,2024-25,Joel Ward,Joel Ward,9
55605,2016-17,2021-22,Toby Alderweireld,Toby Alderweireld,6
556637,2025-26,2025-26,Nehemiah Oriola,Nehemiah Oriola,1
556639,2024-25,2025-26,Jayce Fitzgerald,Jayce Fitzgerald,2
55829,2016-17,2017-18,Claudio Yacob,Claudio Yacob,2
5589,2017-18,2017-18,Dean Whitehead,Dean Whitehead,1
55909,2016-17,2020-21,Chris Smalling,Chris Smalling,5
55914,2020-21,2022-23,Liam Cooper,Liam Cooper,3
559610,2025-26,2025-26,Luka Bentt,Luka Bentt,1
559684,2024-25,2025-26,Jack Moorhouse,Jack Moorhouse,2
559962,2024-25,2025-26,Jamaldeen Jimoh-Aloba,Jamaldeen Jimoh; Jamaldeen Jimoh-Aloba,2
559963,2023-24,2023-24,Kiano Dyer,Kiano Dyer,1
560248,2024-25,2025-26,Bastien Meupiyou Menadjou,Bastien Meupiyou; Bastien Meupiyou Menadjou,2
560262,2025-26,2025-26,Junior Kroupi,Junior Kroupi,1
560441,2025-26,2025-26,Luis Eduardo Soares da Silva,Luis Eduardo Soares da Silva,1
560552,2025-26,2025-26,Kevin Santos Lopes de Macedo,Kevin Santos Lopes de Macedo,1
56192,2016-17,2019-20,Rhu-endly Martina,Cuco Martina; Rhu-endly Martina,4
563324,2024-25,2025-26,Brayden Clarke,Brayden Clarke,2
56377,2018-19,2021-22,Andriy Yarmolenko,Andriy Yarmolenko,4
563883,2021-22,2023-24,Vincent Angelini,Vincent Angelini,2
563934,2023-24,2023-24,Tyrese Hall,Tyrese Hall,1
564406,2025-26,2025-26,Eliezer Mayenda Dossou,Eliezer Mayenda Dossou,1
564505,2023-24,2025-26,Sam Proctor,Sam Proctor,2
564510,2022-23,2025-26,Garang Kuol,Garang Kuol,4
564940,2025-26,2025-26,Soungoutou Magassa,Soungoutou Magassa,1
565297,2022-23,2025-26,Mateo Joseph Fernández-Regatillo,Mateo Joseph Fernández; Mateo Joseph Fernández-Regatillo,2
565431,2023-24,2025-26,Callum Marshall,Callum Marshall,2
565858,2024-25,2024-25,Killian Cahill,Killian Cahill,1
565863,2025-26,2025-26,Sam Chambers,Sam Chambers,1
566164,2025-26,2025-26,Sverre Nypan,Sverre Nypan,1
566213,2025-26,2025-26,Stephen Mfuni,Stephen Mfuni,1
567119,2024-25,2025-26,Shumaira Mheuka,Shumaira Mheuka,2
567121,2024-25,2025-26,Joe Knight,Joe Knight,2
568159,2025-26,2025-26,Archie Whitehall,Archie Whitehall,1
56827,2016-17,2017-18,Costel Pantilimon,Costel Pantilimon,2
56864,2016-17,2017-18,Francis Coquelin,Francis Coquelin,2
56872,2016-17,2022-23,Junior Stanislas,Junior Stanislas,5
568791,2023-24,2025-26,Callan McKenna,Callan McKenna,3
569014,2024-25,2025-26,Eric da Silva Moreira,Eric da Silva Moreira,2
56917,2016-17,2023-24,Steve Cook,Steve Cook,6
569577,2025-26,2025-26,Triston Rowe,Triston Rowe,1
56979,2016-17,2025-26,Jordan Henderson,Jordan Henderson,9
56981,2018-19,2018-19,Joe Bennett,Joe Bennett,1
56983,2017-18,2023-24,Matt Ritchie,Matt Ritchie,7
57001,2016-17,2017-18,Wilfried Bony,Wilfried Bony,2
570241,2023-24,2025-26,Kim Ji-soo,Ji-Soo Kim; Kim Ji-soo,3
570526,2024-25,2025-26,Lucas Bergvall,Lucas Bergvall,2
570929,2025-26,2025-26,Jack Whittaker,Jack Whittaker,1
571087,2025-26,2025-26,Jaydon Jones,Jaydon Jones,1
57112,2016-17,2017-18,Eliaquim Mangala,Eliaquim Mangala,2
57127,2019-20,2021-22,Teemu Pukki,Teemu Pukki,2
57134,2016-17,2022-23,Salomón Rondón,Salomón Rondón,5
57145,2016-17,2022-23,Federico Fernández,Federico Fernández,7
57187,2016-17,2016-17,Giedrius Arlauskis,Giedrius Arlauskis,1
57249,2016-17,2019-20,Henrikh Mkhitaryan,Henrikh Mkhitaryan,4
572702,2025-26,2025-26,Keiber Lamadrid,Keiber Lamadrid,1
573062,2022-23,2025-26,Martial Godo,Martial Godo,3
57328,2016-17,2025-26,Nathaniel Clyne,Nathaniel Clyne,9
573808,2021-22,2021-22,Jack Grieves,Jack Grieves,1
57410,2016-17,2020-21,Nicolás Otamendi,Nicolás Otamendi,5
574398,2023-24,2025-26,Franco Umeh-Chibueze,Franco Umeh-Chibueze,3
574402,2023-24,2024-25,Mark O’Mahony,Mark O’Mahony,2
574458,2025-26,2025-26,Mamadou Sarr,Mamadou Sarr,1
574799,2024-25,2024-25,Damola Ajayi,Damola Ajayi,1
575034,2023-24,2025-26,Ethan Wheatley,Ethan Wheatley,3
57513,2017-18,2021-22,Jonas Lössl,Jonas Lössl,5
575204,2024-25,2025-26,Claudio Echeverri,Claudio Echeverri,2
57531,2016-17,2024-25,Michail Antonio,Michail Antonio,9
575458,2025-26,2025-26,Jair Paula da Cunha Filho,Jair Paula da Cunha Filho,1
575476,2023-24,2025-26,Murillo Costa dos Santos,Murillo Santiago Costa dos Santos; Murillo Costa dos Santos,3
57586,2016-17,2017-18,Luciano Narsingh,Luciano Narsingh,2
575901,2024-25,2025-26,Julio Soler Barreto,Julio Soler; Julio Soler Barreto,2
576323,2025-26,2025-26,Oluwaseun Adewumi,Oluwaseun Adewumi,1
57647,2022-23,2022-23,Lyle Taylor,Lyle Taylor,1
576620,2025-26,2025-26,Bendito Mantato,Bendito Mantato,1
576628,2025-26,2025-26,Shea Lacey,Shea Lacey,1
576634,2025-26,2025-26,Jim Thwaites,Jim Thwaites,1
576637,2024-25,2025-26,Godwill Kukonki,Godwill Kukonki,2
576756,2025-26,2025-26,Zépiqueno Redmond,Zépiqueno Redmond,1
576980,2024-25,2025-26,Zach Marsh,Zach Marsh,2
577016,2023-24,2025-26,Josh Acheampong,Josh Acheampong,3
577114,2024-25,2025-26,Luis Guilherme Lira dos Santos,Luis Guilherme Lira dos Santos,2
577285,2025-26,2025-26,George Hemmings,George Hemmings,1
57736,2016-17,2016-17,Jan Kirchhoff,Jan Kirchhoff,1
577669,2025-26,2025-26,Noah Sadiki,Noah Sadiki,1
577725,2023-24,2025-26,Josh King,Joshua King; Josh King,3
577731,2024-25,2025-26,Ben Broggio,Ben Broggio,2
577974,2023-24,2025-26,Harry Amass,Harry Amass,3
577978,2025-26,2025-26,Rhys Chadwick,Rhys Chadwick,1
578153,2024-25,2025-26,Abdukodir Khusanov,Abdukodir Khusanov,2
578512,2024-25,2025-26,Miodrag Pivaš,Miodrag Pivaš,2
578545,2024-25,2024-25,Kosta Nedeljković,Kosta Nedeljković,1
578614,2023-24,2025-26,Enock Agyei,Enock Agyei,2
579075,2024-25,2025-26,Asher Agbinone,Asher Agbinone,2
57913,2018-19,2020-21,Barry Douglas,Barry Douglas,2
580921,2025-26,2025-26,Reigan Heskey,Reigan Heskey,1
58376,2016-17,2024-25,Alex McCarthy,Alex McCarthy,8
58476,2018-19,2018-19,Rui Pedro da Rocha Fonte,Rui Pedro da Rocha Fonte,1
58498,2016-17,2020-21,Odion Ighalo,Odion Ighalo,3
585472,2023-24,2023-24,Ryan Oné,Ryan Oné,1
58621,2016-17,2025-26,Kyle Walker,Kyle Walker,10
586268,2025-26,2025-26,Ármin Pécsi,Ármin Pécsi,1
586309,2025-26,2025-26,Thierno Barry,Thierno Barry,1
587178,2025-26,2025-26,Yasin Özcan,Yasin Özcan,1
587433,2025-26,2025-26,Conor McManus,Conor McManus,1
58771,2017-18,2022-23,Jack Colback,Jack Colback,3
58786,2016-17,2021-22,Martin Kelly,Martin Kelly,6
58791,2016-17,2016-17,Ryan Mason,Ryan Mason,1
58822,2016-17,2023-24,Cédric Alves Soares,Cédric Soares; Cédric Alves Soares,8
58845,2017-18,2022-23,Ciaran Clark,Ciaran Clark,6
588555,2024-25,2025-26,Elyh Harrison,Elyh Harrison,2
58877,2016-17,2018-19,Daley Blind,Daley Blind,3
588793,2024-25,2025-26,Maldini Kacurri,Maldini Kacurri,2
588796,2024-25,2025-26,Ismeal Kabia,Ismeal Kabia,2
58893,2016-17,2020-21,Marcos Rojo,Marcos Rojo,5
589100,2024-25,2025-26,Jacob Slater,Jacob Slater,2
589114,2023-24,2023-24,Zack Nelson,Zack Nelson,1
589121,2025-26,2025-26,Ethan Sutherland,Ethan Sutherland,1
589507,2023-24,2025-26,Leon Chiwome,Leon Chiwome,3
590012,2024-25,2025-26,Caleb Kporha,Caleb Kporha,2
590014,2025-26,2025-26,Rio Cardines,Rio Cardines,1
590035,2025-26,2025-26,Yusuf Akhamrich,Yusuf Akhamrich,1
590039,2025-26,2025-26,Divine Mukasa,Divine Mukasa,1
590040,2025-26,2025-26,Jimmy Sinclair,Jimmy Sinclair,1
59044,2016-17,2016-17,Adam Clayton,Adam Clayton,1
590760,2022-23,2025-26,Daniel Adu-Adjei,Daniel Adu-Adjei,3
59115,2016-17,2016-17,Mile Jedinak,Mile Jedinak,1
59125,2016-17,2020-21,Connor Wickham,Connor Wickham,5
591357,2022-23,2025-26,Ryan Trevitt,Ryan Trevitt,4
591382,2024-25,2024-25,Genesis Antwi,Genesis Antwi,1
591384,2025-26,2025-26,George King,George King,1
591385,2024-25,2025-26,Samuel Amissah,Samuel Amissah,2
591386,2023-24,2025-26,Trey Nyoni,Treymaurice Nyoni; Trey Nyoni,3
591538,2023-24,2023-24,Owen Hampson,Owen Hampson,1
591539,2023-24,2023-24,Billy Blacker,Billy Blacker,1
592031,2024-25,2025-26,Yankuba Minteh,Yankuba Minteh,2
592436,2023-24,2023-24,Travis Hernes,Travis Hernes,1
592661,2022-23,2022-23,Tristan Crama,Tristan Crama,1
592662,2024-25,2024-25,Tony Yogane,Tony Yogane,1
592712,2024-25,2024-25,Tom Taylor,Tom Taylor,1
592736,2024-25,2024-25,Maeson King,Maeson King,1
592740,2025-26,2025-26,Alfie Cresswell,Alfie Cresswell,1
593001,2023-24,2025-26,Enso González Medina,Enso González; Enso González Medina,3
593174,2025-26,2025-26,Kaye Furo,Kaye Furo,1
596042,2025-26,2025-26,Kieran Morrison,Kieran Morrison,1
596047,2024-25,2025-26,Chido Obi,Chido Obi-Martin; Chido Obi,2
596054,2024-25,2025-26,Tom Edozie,Tom Edozie,2
59614,2019-20,2019-20,Mark Duffy,Mark Duffy,1
596572,2022-23,2023-24,Michael Dacosta Gonzalez,Michael Dacosta Gonzalez,2
596777,2024-25,2025-26,Patrick Dorgu,Patrick Dorgu,2
597320,2024-25,2025-26,Harry Howell,Harry Howell,2
59735,2017-18,2025-26,Karl Darlow,Karl Darlow,8
59741,2016-17,2017-18,Max Gradel,Max Gradel,2
59779,2016-17,2019-20,Pedro Obiang,Pedro Obiang,4
59796,2016-17,2016-17,Gökhan Töre,Gökhan Töre,1
597983,2023-24,2023-24,Ollie Harrison,Ollie Harrison,1
59846,2016-17,2018-19,Ander Herrera,Ander Herrera,3
59856,2016-17,2016-17,Abel Hernández,Abel Hernández,1
59859,2016-17,2025-26,İlkay Gündoğan,Ilkay Gündogan; İlkay Gündoğan,9
599303,2024-25,2025-26,Sean Neave,Sean Neave,2
59940,2017-18,2020-21,Kyle Bartley,Kyle Bartley,2
59949,2016-17,2025-26,Séamus Coleman,Seamus Coleman; Séamus Coleman,10
59966,2017-18,2021-22,Alexandre Lacazette,Alexandre Lacazette,5
60025,2020-21,2021-22,James Rodríguez,James Rodríguez,2
600882,2025-26,2025-26,Harry Gray,Harry Gray,1
601496,2023-24,2023-24,Jili Buyabu,Jili Buyabu,1
60165,2016-17,2016-17,Wahbi Khazri,Wahbi Khazri,1
601956,2025-26,2025-26,Saheed Olagunju,Saheed Olagunju,1
601975,2022-23,2022-23,Yegor Yarmolyuk,Yegor Yarmolyuk,1
60232,2016-17,2024-25,Craig Dawson,Craig Dawson,8
60252,2016-17,2023-24,Andros Townsend,Andros Townsend,8
60270,2016-17,2016-17,Simone Zaza,Simone Zaza,1
602903,2024-25,2025-26,Ezra Mayers,Ezra Mayers,2
602934,2023-24,2023-24,Fletcher Holman,Fletcher Holman,1
60307,2017-18,2025-26,Pascal Groß,Pascal Groß,9
604211,2025-26,2025-26,Tymur Tutierov,Tymur Tutierov,1
604988,2024-25,2025-26,Freddie Simmonds,Freddie Simmonds,2
605319,2025-26,2025-26,Luke Rawlings,Luke Rawlings,1
60551,2016-17,2021-22,Ashley Westwood,Ashley Westwood,6
60586,2016-17,2023-24,Jóhann Berg Gudmundsson,Johann Berg Gudmundsson; Jóhann Berg Gudmundsson,7
60598,2017-18,2017-18,Aleksandar Dragovic,Aleksandar Dragovic,1
606689,2025-26,2025-26,Romelle Donovan,Romelle Donovan,1
606745,2024-25,2025-26,Ayden Heaven,Ayden Heaven,2
606774,2024-25,2025-26,Remy Rees-Dottin,Remy Rees-Dottin,2
606775,2024-25,2025-26,Ben Winterburn,Ben Winterburn,2
606798,2024-25,2025-26,Andrés García,Andrés García,2
60689,2017-18,2025-26,Chris Wood,Chris Wood,9
606921,2024-25,2025-26,Romain Esse,Romain Esse,2
60706,2016-17,2023-24,Adrián San Miguel del Castillo,Adrián San Miguel del Castillo,8
607464,2024-25,2025-26,Michael Kayode,Michael Kayode,2
60772,2016-17,2018-19,Thibaut Courtois,Thibaut Courtois,3
60794,2016-17,2016-17,Adam Matthews,Adam Matthews,1
608060,2023-24,2023-24,Jayden Luker,Jayden Luker,1
608181,2025-26,2025-26,Stefanos Tzimas,Stefanos Tzimas,1
60914,2016-17,2023-24,Joel Matip,Joel Matip,8
609640,2024-25,2024-25,Mathis Amougou,Mathis Amougou,1
609873,2024-25,2025-26,Harrison Armstrong,Harrison Armstrong,2
610799,2025-26,2025-26,Luka Vušković,Luka Vušković,1
611011,2023-24,2023-24,Joseph Johnson,Joseph Johnson,1
611134,2025-26,2025-26,Kendry Páez Andrade,Kendry Páez Andrade,1
611695,2025-26,2025-26,Malick Yalcouyé,Malick Yalcouyé,1
611912,2025-26,2025-26,Landon Emenalo,Landon Emenalo,1
611917,2024-25,2025-26,Lucá Williams-Barnett,Luca Williams-Barnett; Lucá Williams-Barnett,2
611920,2024-25,2024-25,Malachi Hardy,Malachi Hardy,1
611922,2025-26,2025-26,Rio Ngumoha,Rio Ngumoha,1
611926,2023-24,2025-26,Amara Nallo,Amara Nallo,3
611975,2025-26,2025-26,Ahmed Abdullahi,Ahmed Abdullahi,1
612534,2023-24,2025-26,Benjamin Fredrick,Benjamin Fredrick,3
61256,2022-23,2025-26,Carlos Henrique Casimiro,Carlos Henrique Casimiro,4
61262,2016-17,2016-17,Oscar dos Santos Emboaba Junior,Oscar dos Santos Emboaba Junior,1
612855,2024-25,2024-25,Ibrahim Osman,Ibrahim Osman,1
61302,2016-17,2016-17,Ryan Allsop,Ryan Allsop,1
613120,2024-25,2024-25,Spike Brits,Spike Brits,1
61316,2016-17,2019-20,Jose Luis Mato Sanmartín,Jose Luis Mato Sanmartín,4
613232,2025-26,2025-26,James Wilson,James Wilson,1
613467,2023-24,2024-25,Wes Okoduwa,Wesley Okoduwa; Wes Okoduwa,2
61366,2016-17,2024-25,Kevin De Bruyne,Kevin De Bruyne,9
613804,2025-26,2025-26,El Hadji Malick Diouf,El Hadji Malick Diouf,1
614574,2025-26,2025-26,Alex Tóth,Alex Tóth,1
61538,2016-17,2016-17,Callum McManaman,Callum McManaman,1
61548,2016-17,2018-19,Manolo Gabbiadini,Manolo Gabbiadini,3
61558,2020-21,2023-24,Thiago Alcántara do Nascimento,Thiago Alcántara do Nascimento,4
61566,2016-17,2019-20,Roberto Pereyra,Roberto Pereyra,4
61595,2016-17,2017-18,Marc Muniesa,Marc Muniesa,2
61600,2020-21,2020-21,Romaine Sawyers,Romaine Sawyers,1
61603,2016-17,2019-20,Daniel Drinkwater,Daniel Drinkwater,4
61604,2016-17,2020-21,Matty James,Matthew James; Matty James,5
616059,2024-25,2024-25,Jack Porter,Jack Porter,1
616065,2025-26,2025-26,Marli Salmon,Marli Salmon,1
616077,2025-26,2025-26,Max Dowman,Max Dowman,1
616094,2023-24,2023-24,Dovydas Sasnauskas,Dovydas Sasnauskas,1
616221,2025-26,2025-26,João Victor de Souza Menezes,João Victor de Souza Menezes,1
616222,2024-25,2025-26,Vitor de Oliveira Nunes dos Reis,Vitor de Oliveira Nunes dos Reis,2
616286,2025-26,2025-26,Ryan Kavuma-McQueen,Ryan Kavuma-McQueen,1
616288,2025-26,2025-26,Ryan McAidoo,Ryan McAidoo,1
617054,2023-24,2024-25,Deivid Washington de Souza Eugênio,Deivid Washington de Souza Eugênio,2
61739,2018-19,2020-21,Maxime Le Marchand,Maxime Le Marchand,2
61760,2016-17,2017-18,Kristoffer Nordfeldt,Kristoffer Nordfeldt,2
618027,2025-26,2025-26,TJ Carroll,TJ Carroll,1
61810,2021-22,2022-23,Pontus Jansson,Pontus Jansson,2
61858,2016-17,2017-18,Mame Biram Diouf,Mame Biram Diouf,2
618873,2024-25,2025-26,Sékou Koné,Sékou Koné,2
619146,2024-25,2024-25,Olabade Aluko,Olabade Aluko,1
61916,2018-19,2020-21,Stefan Johansen,Stefan Johansen,2
61933,2017-18,2022-23,Shane Duffy,Shane Duffy,6
619536,2025-26,2025-26,Seth Ridgeon,Seth Ridgeon,1
619734,2025-26,2025-26,Jesse Derry,Jesse Derry,1
620408,2024-25,2024-25,Joachim Kayi-Sanda,Joachim Kayi-Sanda,1
620487,2025-26,2025-26,Veljko Milosavljevic,Veljko Milosavljevic,1
622536,2023-24,2025-26,Benjamin Arthur,Benjamin Arthur,3
622758,2024-25,2025-26,Aarón Anselmino,Aaron Anselmino; Aarón Anselmino,2
623095,2024-25,2025-26,Yang Min-hyeok,Min-Hyeok Yang; Yang Min-hyeok,2
623110,2025-26,2025-26,Seung-Soo Park,Seung-Soo Park,1
62398,2016-17,2021-22,Nemanja Matic,Nemanja Matic,6
62399,2016-17,2017-18,Dusan Tadic,Dusan Tadic,2
624773,2025-26,2025-26,Estêvão Almeida de Oliveira Gonçalves,Estêvão Almeida de Oliveira Gonçalves,1
626464,2024-25,2025-26,Gustavo Nunes Fernandes Gomes,Gustavo Nunes Fernandes Gomes,2
626844,2025-26,2025-26,Milan Aleksić,Milan Aleksić,1
627888,2025-26,2025-26,Josh Gracey,Josh Gracey,1
628204,2023-24,2025-26,Yunus Emre Konak,Yunus Konak; Yunus Emre Konak,3
629068,2025-26,2025-26,Braiden Graham,Braiden Graham,1
62974,2016-17,2021-22,Erik Lamela,Erik Lamela,6
630664,2024-25,2024-25,Jake Evans,Jake Evans,1
630699,2025-26,2025-26,Mohamadou Kanté,Mohamadou Kanté,1
631106,2025-26,2025-26,Ben Casey,Ben Casey,1
631786,2025-26,2025-26,Jonah Kusi-Asare,Jonah Kusi-Asare,1
632822,2024-25,2024-25,Archie Harris,Archie Harris,1
63370,2016-17,2017-18,James McClean,James McClean,2
63426,2019-20,2020-21,Enda Stevens,Enda Stevens,2
634640,2023-24,2023-24,Christian Chigozie,Christian Chigozie,1
640108,2025-26,2025-26,Antoñito Cordero Campillo,Antoñito Cordero Campillo,1
640419,2025-26,2025-26,Jun'ai Byfield,Jun'ai Byfield,1
641221,2024-25,2025-26,Pedro Cardoso de Lima,Pedro Cardoso de Lima,2
643135,2025-26,2025-26,Fer López González,Fer López González,1
643426,2025-26,2025-26,Dean Benamar,Dean Benamar,1
643473,2025-26,2025-26,Airidas Golambeckis,Airidas Golambeckis,1
643970,2025-26,2025-26,Jayden Lienou,Jayden Lienou,1
644593,2025-26,2025-26,Kian McMahon-Brown,Kian McMahon-Brown,1
645618,2025-26,2025-26,Bradley Burrowes,Bradley Burrowes,1
646243,2025-26,2025-26,Andre Harriman-Annous,Andre Harriman-Annous,1
646754,2023-24,2023-24,Lander Emery,Lander Emery,1
647597,2023-24,2023-24,Dominic Dos Santos Martins,Dominic Dos Santos Martins,1
647671,2024-25,2025-26,Mateus Mané,Mateus Mané,2
647681,2025-26,2025-26,Giovanni Leoni,Giovanni Leoni,1
647850,2025-26,2025-26,Charalampos Kostoulas,Charalampos Kostoulas,1
647960,2025-26,2025-26,Oliver Pimlott,Oliver Pimlott,1
649208,2024-25,2024-25,Jeremy Monga,Jeremy Monga,1
649240,2025-26,2025-26,Joshua Stephenson,Joshua Stephenson,1
651426,2025-26,2025-26,Jaydee Canvot,Jaydee Canvot,1
653481,2025-26,2025-26,Alysson Edward Franco da Rocha dos Santos,Alysson Edward Franco da Rocha dos Santos,1
658013,2025-26,2025-26,Charlie Stevens,Charlie Stevens,1
660392,2025-26,2025-26,Christantus Uche,Christantus Uche,1
661712,2025-26,2025-26,Diego León Blanco,Diego León Blanco,1
66242,2017-18,2021-22,Davy Pröpper,Davy Pröpper,5
66247,2017-18,2018-19,Marvin Zeegelaar,Marvin Zeegelaar,2
664015,2025-26,2025-26,Leon Routh,Leon Routh,1
66588,2020-21,2022-23,Luke Ayling,Luke Ayling,3
666607,2025-26,2025-26,Sam Alabi,Sam Alabi,1
66733,2016-17,2016-17,Juan Cuadrado,Juan Cuadrado,1
66749,2016-17,2024-25,Romelu Lukaku Bolingoli,Romelu Lukaku; Romelu Lukaku Bolingoli,7
66797,2016-17,2019-20,Simon Mignolet,Simon Mignolet,4
66838,2017-18,2021-22,Cenk Tosun,Cenk Tosun,5
66842,2018-19,2018-19,André Schürrle,André Schürrle,1
66975,2016-17,2022-23,Luka Milivojevic,Luka Milivojevic,7
67089,2017-18,2025-26,Martin Dúbravka,Martin Dubravka; Martin Dúbravka,9
671606,2025-26,2025-26,Mathis Eboué,Mathis Eboué,1
67184,2018-19,2018-19,Roderick Jefferson Gonçalves Miranda,Roderick Jefferson Gonçalves Miranda,1
672492,2025-26,2025-26,Joél Drakes-Thomas,Joél Drakes-Thomas,1
6744,2016-17,2020-21,Lee Grant,Lee Grant,5
67527,2016-17,2017-18,Allan-Roméo Nyom,Allan-Roméo Nyom,2
677945,2025-26,2025-26,Will Wright,Will Wright,1
678552,2025-26,2025-26,Malcom DaCosta,Malcom DaCosta,1
68312,2016-17,2021-22,Xherdan Shaqiri,Xherdan Shaqiri,6
685628,2025-26,2025-26,Jerome Abbey,Jerome Abbey,1
687076,2025-26,2025-26,Lamin Sillah,Lamin Sillah,1
68983,2016-17,2021-22,Matthew Lowton,Matthew Lowton,6
69140,2016-17,2020-21,Shkodran Mustafi,Shkodran Mustafi,5
69143,2021-22,2021-22,Juraj Kucka,Juraj Kucka,1
69752,2022-23,2025-26,Norberto Murara Neto,Norberto Murara Neto,4
69960,2016-17,2016-17,Philipp Wollscheid,Philipp Wollscheid,1
699989,2025-26,2025-26,Djiamgone Jocelin Ta Bi,Djiamgone Jocelin Ta Bi,1
704232,2025-26,2025-26,George Brierley,George Brierley,1
71738,2019-20,2021-22,Marco Stiepermann,Marco Stiepermann,2
718875,2025-26,2025-26,Talla Ndiaye,Talla Ndiaye,1
72147,2025-26,2025-26,Marco Bizot,Marco Bizot,1
72222,2020-21,2022-23,Mateusz Klich,Mateusz Klich,3
72681,2018-19,2020-21,Denis Odoi,Denis Odoi,2
73314,2020-21,2020-21,Willian José Da Silva,Willian José Da Silva,1
73426,2016-17,2021-22,Andre Gray,Andre Gray,5
73459,2018-19,2018-19,Ashley Darel Jazz Richards,Ashley Darel Jazz Richards,1
73494,2017-18,2017-18,Grzegorz Krychowiak,Grzegorz Krychowiak,1
73889,2016-17,2017-18,Diafra Sakho,Diafra Sakho,2
74033,2016-17,2017-18,Sam Clucas,Sam Clucas,2
74208,2016-17,2021-22,Paul Pogba,Paul Pogba,6
74230,2016-17,2020-21,Patrick van Aanholt,Patrick van Aanholt,5
74297,2018-19,2018-19,Leandro Bacuna,Leandro Bacuna,1
74375,2017-18,2019-20,Ezequiel Schelotto,Ezequiel Schelotto,3
74471,2017-18,2020-21,Aaron Mooy,Aaron Mooy,4
74854,2019-20,2025-26,Simon Moore,Simon Moore,3
74944,2024-25,2024-25,Sam Morsy,Sam Morsy,1
75115,2016-17,2025-26,Callum Wilson,Callum Wilson,10
7525,2016-17,2016-17,Steven Pienaar,Steven Pienaar,1
7551,2016-17,2016-17,Joleon Lescott,Joleon Lescott,1
75773,2016-17,2017-18,Chung-yong Lee,Chung-yong Lee,2
75826,2018-19,2018-19,Danny Ward,Danny Ward,1
75880,2016-17,2016-17,Daniel Ayala,Daniel Ayala,1
76306,2019-20,2021-22,Lukas Rupp,Lukas Rupp,2
76357,2018-19,2025-26,Tom Cairney,Tom Cairney,6
76359,2016-17,2022-23,Phil Jones,Phil Jones,7
76360,2018-19,2018-19,Nathaniel Mendez-Laing,Nathaniel Mendez-Laing,1
7638,2017-18,2017-18,Mark Hudson,Mark Hudson,1
7645,2016-17,2020-21,Phil Jagielka,Phil Jagielka,5
76542,2016-17,2019-20,Sung-yueng Ki,Sung-yueng Ki,4
77359,2017-18,2020-21,Florian Lejeune,Florian Lejeune,4
77454,2016-17,2016-17,Fabio Borini,Fabio Borini,1
77610,2018-19,2018-19,Danny Batth,Danny Batth,1
77760,2016-17,2016-17,Cristian Gamboa,Cristian Gamboa,1
77762,2016-17,2016-17,Bryan Oviedo,Bryan Oviedo,1
77777,2017-18,2020-21,Ahmed El-Sayed Hegazy,Ahmed El-Sayed Hegazi; Ahmed El-Sayed Hegazy,2
77794,2016-17,2025-26,Kieran Trippier,Kieran Trippier,9
77818,2023-24,2023-24,James Shea,James Shea,1
78007,2016-17,2021-22,Joshua King,Joshua King,6
78056,2016-17,2022-23,Oriol Romeu Vidal,Oriol Romeu Vidal,7
78091,2016-17,2016-17,Gastón Ramírez,Gastón Ramírez,1
78315,2016-17,2022-23,Joel Robles,Joel Robles,3
78356,2016-17,2020-21,Charlie Austin,Charlie Austin,5
78412,2016-17,2018-19,Shinji Okazaki,Shinji Okazaki,3
78607,2019-20,2021-22,Kenny McLean,Kenny McLean,2
78830,2016-17,2023-24,Harry Kane,Harry Kane,8
78911,2018-19,2018-19,Kadeem Harris,Kadeem Harris,1
78916,2018-19,2025-26,Dan Burn,Dan Burn,8
7906,2016-17,2017-18,Damien Delaney,Damien Delaney,2
79228,2016-17,2018-19,Pape Souaré,Pape Souaré,3
7958,2016-17,2018-19,Jermain Defoe,Jermain Defoe,3
79602,2022-23,2025-26,Daniel Bentley,Daniel Bentley,4
79619,2017-18,2018-19,Jonathan Hogg,Jonathan Hogg,2
79733,2017-18,2018-19,Scott Malone,Scott Malone,2
79852,2019-20,2021-22,Jed Steer,Jed Steer,3
79934,2017-18,2023-24,Oliver Norwood,Oliver Norwood,4
80146,2016-17,2024-25,Jordan Ayew,Jordan Ayew,9
80179,2016-17,2022-23,Adam Forshaw,Adam Forshaw,4
80183,2017-18,2017-18,Luke Garbutt,Luke Garbutt,1
80201,2018-19,2025-26,Bernd Leno,Bernd Leno,8
80226,2017-18,2023-24,Serge Aurier,Serge Aurier,7
80254,2016-17,2019-20,Carl Jenkinson,Carl Jenkinson,4
80447,2016-17,2019-20,Maya Yoshida,Maya Yoshida,4
80498,2016-17,2016-17,Eunan O'Kane,Eunan O'Kane,1
80607,2016-17,2024-25,Christian Eriksen,Christian Eriksen,8
80711,2016-17,2016-17,Yaya Sanogo,Yaya Sanogo,1
80755,2017-18,2018-19,Danny Williams,Danny Williams,2
80788,2016-17,2016-17,Daniel Lafferty,Daniel Lafferty,1
80789,2016-17,2016-17,Jordi Amat,Jordi Amat,1
80792,2018-19,2018-19,Greg Cunninghamm,Greg Cunninghamm,1
80801,2016-17,2025-26,Idrissa Gana Gueye,Idrissa Gueye; Idrissa Gana Gueye,8
80935,2016-17,2016-17,Papy Djilobodji,Papy Djilobodji,1
80954,2020-21,2022-23,Rodrigo Moreno,Rodrigo Moreno,3
81012,2018-19,2023-24,Ryan Fredericks,Ryan Fredericks,6
81048,2019-20,2019-20,Josip Drmic,Josip Drmic,1
81061,2016-17,2016-17,Michael Simões Domingues,Michael Simões Domingues,1
81183,2016-17,2021-22,Matej Vydra,Matej Vydra,5
81205,2022-23,2022-23,Mislav Orsic,Mislav Orsic,1
81441,2020-21,2025-26,Mark Gillespie,Mark Gillespie,5
81880,2016-17,2022-23,Alex Oxlade-Chamberlain,Alex Oxlade-Chamberlain,7
82078,2018-19,2020-21,Kenneth Zohore,Kenneth Zohore,2
82143,2020-21,2025-26,Wes Foderingham,Wes Foderingham,4
82257,2016-17,2016-17,Raphael Spiegel,Raphael Spiegel,1
82263,2016-17,2022-23,Marcos Alonso,Marcos Alonso,7
82403,2016-17,2022-23,Wilfried Zaha,Wilfried Zaha,7
82428,2016-17,2016-17,Marten de Roon,Marten de Roon,1
82514,2018-19,2024-25,Tim Ream,Tim Ream,5
82660,2016-17,2016-17,Marco Van Ginkel,Marco Van Ginkel,1
82691,2019-20,2023-24,George Baldock,George Baldock,3
82738,2023-24,2023-24,Luke Berry,Luke Berry,1
82771,2016-17,2016-17,Markus Henriksen,Markus Henriksen,1
83091,2016-17,2019-20,Borja González Tomás,Borja Bastón; Borja González Tomás,2
83283,2016-17,2023-24,Nathan Redmond,Nathan Redmond,8
83299,2017-18,2025-26,Lewis Dunk,Lewis Dunk,9
83312,2016-17,2021-22,Ben Gibson,Ben Gibson,5
83314,2016-17,2023-24,Jeff Hendrick,Jeff Hendrick,8
83427,2019-20,2023-24,Jack Robinson,Jack Robinson,3
83428,2017-18,2021-22,Grant Hanley,Grant Hanley,3
83543,2017-18,2023-24,Anthony Knockaert,Anthony Knockaert,6
8380,2016-17,2017-18,James Collins,James Collins,2
84112,2017-18,2018-19,Collin Quaner,Collin Quaner,2
84182,2020-21,2025-26,Alphonse Areola,Alphonse Areola,6
8432,2019-20,2019-20,José Reina,José Reina,1
84384,2019-20,2019-20,Timm Klose,Timm Klose,1
84395,2016-17,2016-17,Florin Gardos,Florin Gardos,1
84450,2016-17,2025-26,Granit Xhaka,Granit Xhaka,9
84583,2016-17,2023-24,Philippe Coutinho Correia,Philippe Coutinho; Philippe Coutinho Correia,5
84915,2020-21,2020-21,Michael Hector,Michael Hector,1
84939,2016-17,2024-25,Danny Ings,Danny Ings,9
85017,2016-17,2016-17,Tendayi Darikwa,Tendayi Darikwa,1
85128,2017-18,2017-18,Connor Goldson,Connor Goldson,1
85242,2019-20,2021-22,Conor Hourihane,Conor Hourihane,3
85352,2016-17,2017-18,Bruno Martins Indi,Bruno Martins Indi,2
85368,2017-18,2018-19,Christopher Schindler,Christopher Schindler,2
85624,2016-17,2021-22,Christian Kabasele,Christian Kabasele,5
85633,2023-24,2025-26,Matz Sels,Matz Sels,3
85654,2016-17,2017-18,Jordy Clasie,Jordy Clasie,2
85955,2018-19,2024-25,Jorge Luiz Frello Filho,Jorge Luiz Frello Filho,7
85971,2016-17,2025-26,Son Heung-min,Heung-Min Son; Son Heung-min,10
86129,2022-23,2022-23,Kalidou Koulibaly,Kalidou Koulibaly,1
86153,2018-19,2020-21,Martín Montoya,Martín Montoya,3
86173,2016-17,2017-18,Manuel Agudo Durán,Manuel Agudo Durán,2
86176,2017-18,2018-19,Tom Ince,Tom Ince,2
86417,2016-17,2024-25,Jeffrey Schlupp,Jeffrey Schlupp,9
86431,2016-17,2016-17,Brice Dja Djédjé,Brice Dja Djédjé,1
86873,2025-26,2025-26,Benjamin Lecomte,Benjamin Lecomte,1
86881,2016-17,2022-23,Nampalys Mendy,Nampalys Mendy,7
86934,2016-17,2022-23,Manuel Lanzini,Manuel Lanzini,7
87107,2018-19,2020-21,Cyrus Christie,Cyrus Christie,2
87121,2019-20,2019-20,Kieron Freeman,Kieron Freeman,1
87396,2019-20,2019-20,Moritz Leitner,Moritz Leitner,1
87428,2017-18,2018-19,Elias Kachunga,Elias Kachunga,2
87447,2016-17,2019-20,Muhamed Bešić,Muhamed Besic; Muhamed Bešić,3
87835,2018-19,2025-26,Matt Doherty,Matt Doherty,8
87856,2017-18,2017-18,Michael Hefele,Michael Hefele,1
87873,2020-21,2022-23,Stuart Dallas,Stuart Dallas,3
88170,2017-18,2017-18,Jiri Skalak,Jiri Skalak,1
88175,2019-20,2019-20,Lovre Kalinic,Lovre Kalinic,1
88248,2022-23,2025-26,Stefan Ortega Moreno,Stefan Ortega Moreno,4
88482,2017-18,2018-19,Álvaro Morata,Álvaro Morata,2
88484,2022-23,2024-25,Pablo Sarabia,Pablo Sarabia,3
88498,2016-17,2017-18,Benik Afobe,Benik Afobe,2
88734,2018-19,2018-19,Neil Etheridge,Neil Etheridge,1
88894,2016-17,2025-26,Ross Barkley,Ross Barkley,10
88898,2016-17,2016-17,Moses Odubajo,Moses Odubajo,1
88900,2016-17,2024-25,Jack Stephens,Jack Stephens,8
88935,2016-17,2017-18,Steven Berghuis,Steven Berghuis,2
89068,2022-23,2022-23,Layvin Kurzawa,Layvin Kurzawa,1
89076,2022-23,2023-24,Remo Freuler,Remo Freuler,2
89085,2016-17,2022-23,Nathaniel Chalobah,Nathaniel Chalobah,6
89274,2019-20,2020-21,José Ignacio Peleteiro Romallo,José Ignacio Peleteiro Romallo,2
89335,2021-22,2021-22,Saúl Ñíguez,Saúl Ñíguez,1
89470,2019-20,2021-22,Onel Hernández,Onel Hernández,2
89572,2018-19,2018-19,Denis Suárez,Denis Suárez,1
90105,2016-17,2024-25,Ryan Fraser,Ryan Fraser,9
90152,2021-22,2023-24,Raphaël Varane,Raphaël Varane,3
90263,2016-17,2016-17,James Husband,James Husband,1
90440,2019-20,2019-20,Tom Trybull,Tom Trybull,1
9047,2016-17,2017-18,Glen Johnson,Glen Johnson,2
90517,2016-17,2020-21,Robbie Brady,Robbie Brady,5
90518,2019-20,2019-20,Ravel Morrison,Ravel Morrison,1
90585,2018-19,2025-26,Willy Boly,Willy Boly,8
90714,2016-17,2017-18,Ahmed Musa,Ahmed Musa,2
9089,2016-17,2021-22,Ben Foster,Ben Foster,5
91046,2023-24,2023-24,Cauley Woodrow,Cauley Woodrow,1
91047,2018-19,2022-23,Stuart Armstrong,Stuart Armstrong,5
9110,2016-17,2016-17,Shaun Maloney,Shaun Maloney,1
91126,2016-17,2016-17,Will Keane,Will Keane,1
91651,2018-19,2025-26,Mateo Kovačić,Mateo Kovacic; Mateo Kovačić,8
91889,2024-25,2025-26,Niclas Füllkrug,Niclas Füllkrug,2
91972,2016-17,2017-18,Saido Berahino,Saido Berahino,2
91979,2016-17,2017-18,Jon Flanagan,Jon Flanagan,2
92159,2019-20,2019-20,Jetro Willems,Jetro Willems,1
92170,2017-18,2017-18,Massadio Haidara,Massadio Haidara,1
92217,2016-17,2022-23,Roberto Firmino,Roberto Firmino,7
92259,2018-19,2022-23,Neeskens Kebano,Neeskens Kebano,3
92293,2016-17,2016-17,Omar Elabdellaoui,Omar Elabdellaoui,1
92371,2019-20,2022-23,Pablo Marí Villar,Pablo Marí; Pablo Marí Villar,4
92383,2017-18,2018-19,Nahki Wells,Nahki Wells,2
93001,2017-18,2017-18,Konstantinos Stafylidis,Konstantinos Stafylidis,1
93100,2018-19,2024-25,Jannik Vestergaard,Jannik Vestergaard,6
93127,2017-18,2017-18,Jesé Rodríguez Ruiz,Jesé Rodríguez Ruiz,1
93264,2016-17,2023-24,Eric Dier,Eric Dier,8
93284,2018-19,2021-22,Florin Andone,Florin Andone,4
93464,2016-17,2017-18,Tom Carroll,Tom Carroll,2
94147,2018-19,2024-25,Conor Coady,Conor Coady,6
94245,2016-17,2021-22,Michy Batshuayi,Michy Batshuayi,6
94248,2018-19,2018-19,Sergio Rico,Sergio Rico,1
94924,2016-17,2019-20,Gerard Deulofeu,Gerard Deulofeu,4
94926,2016-17,2024-25,Freddie Ladapo,Olayinka Fredrick Oladotun Ladapo; Freddie Ladapo,3
95463,2017-18,2024-25,Danny Ward,Danny Ward,7
95508,2016-17,2017-18,Fredrik Ulvestad,Fredrik Ulvestad,2
95658,2016-17,2025-26,Harry Maguire,Harry Maguire,10
95715,2017-18,2022-23,Lucas Rodrigues Moura da Silva,Lucas Rodrigues Moura da Silva,6
96305,2016-17,2017-18,Jay Fulton,Jay Fulton,2
96306,2016-17,2017-18,Stephen Kingsley,Stephen Kingsley,2
96764,2016-17,2016-17,M'Baye Niang,M'Baye Niang,1
96767,2019-20,2019-20,Dimitri Foulquier,Dimitri Foulquier,1
96778,2016-17,2016-17,Adam Reach,Adam Reach,1
96784,2023-24,2023-24,Jordan Clark,Jordan Clark,1
96787,2018-19,2022-23,Mohamed Elyounoussi,Mohamed Elyounoussi,4
96994,2018-19,2024-25,Bobby De Cordova-Reid,Bobby Reid; Bobby Decordova-Reid; Bobby De Cordova-Reid,5
97032,2016-17,2025-26,Virgil van Dijk,Virgil van Dijk,10
97296,2016-17,2016-17,Tommie Hoban,Tommie Hoban,1
97299,2016-17,2025-26,John Stones,John Stones,10
97485,2016-17,2017-18,Kevin Wimmer,Kevin Wimmer,2
97615,2016-17,2017-18,Mike van der Hoorn,Mike van der Hoorn,2
97846,2025-26,2025-26,Alex Cairns,Alex Cairns,1
9808,2016-17,2017-18,Zlatan Ibrahimovic,Zlatan Ibrahimovic,2
98745,2016-17,2021-22,Héctor Bellerín,Héctor Bellerín,6
98747,2016-17,2025-26,Nick Pope,Nick Pope,10
98770,2019-20,2020-21,Ørjan Nyland,Ørjan Nyland,2
98780,2016-17,2016-17,Juan Carlos Paredes,Juan Carlos Paredes,1
98914,2017-18,2018-19,Guido Carrillo,Guido Carrillo,2
98980,2016-17,2025-26,Emiliano Martínez Romero,Damian Emiliano Martinez; Emiliano Martínez; Emiliano Martínez Romero,10
99127,2016-17,2016-17,Joel Campbell,Joel Campbell,1
99323,2016-17,2018-19,Lazar Markovic,Lazar Markovic,2
